date,equity,ret
2021-08-09,24097.94942546661,-0.03608202298133564
2021-08-10,24574.452566682685,0.019773597031144417
2021-08-11,24654.660523855313,0.003263875643007014
2021-08-12,24234.56600298472,-0.017039152514962325
2021-08-13,24265.168473217207,0.0012627612241423677
2021-08-16,23687.12377001302,-0.023821994223621683
2021-08-17,24263.725255777077,0.024342401861977624
2021-08-18,23366.530147662288,-0.03697680791621935
2021-08-19,22971.33123587683,-0.016913033697688054
2021-08-20,23513.296307985223,0.02359310684014456
2021-08-23,23626.19866896032,0.004801639017186855
2021-08-24,23248.881455208455,-0.015970288705291304
2021-08-25,22802.823469755,-0.01918621273513028
2021-08-26,22706.294181475394,-0.004233216487758226
2021-08-27,23774.027491846413,0.047023671138820736
2021-08-30,23925.912097320965,0.006388677960713246
2021-08-31,23393.900363916975,-0.02223579737482861
2021-09-01,23094.77806375997,-0.012786337271846054
2021-09-02,22782.491946209397,-0.013521936287433355
2021-09-03,22035.3136593988,-0.032796161568924155
2021-09-07,21933.421257997954,-0.00462405042087452
2021-09-08,21402.20422323194,-0.02421952455649424
2021-09-09,20929.490697312343,-0.02208714209943249
2021-09-10,20062.626455075388,-0.041418315178986906
2021-09-13,19126.34494320619,-0.04666794320104288
2021-09-14,18567.69810725808,-0.02920823804061659
2021-09-15,17881.917229204428,-0.0369340816557967
2021-09-16,17968.677215063748,0.004851827952632811
2021-09-17,18042.404711824765,0.004103112092147237
2021-09-20,17370.69927163635,-0.037229263555328046
2021-09-21,17947.862057803915,0.03322622636786903
2021-09-22,18401.094803926462,0.025252742898448772
2021-09-23,18044.538554731815,-0.019376904091519816
2021-09-24,17665.297637725398,-0.02101693627997873
2021-09-27,17603.405526512182,-0.0035035985513790437
2021-09-28,17956.042609170305,0.020032321707695703
2021-09-29,18052.676494749012,0.005381691705796809
2021-09-30,17864.3172622947,-0.010433867382994446
2021-10-01,17415.62616517535,-0.025116610421288266
2021-10-04,18253.68584115664,0.048121133746950345
2021-10-05,17855.575646593938,-0.02180985243347851
2021-10-06,17897.75760707215,0.002362397119706476
2021-10-07,17359.121969158394,-0.030095146539526354
2021-10-08,17254.83256284291,-0.006007758140116517
2021-10-11,18209.25545597243,0.05531336740901243
2021-10-12,18318.904175640935,0.006021592696835909
2021-10-13,17977.961716050726,-0.018611509527058204
2021-10-14,17699.95818492302,-0.015463573430546588
2021-10-15,18332.384940158357,0.035730409565263535
2021-10-18,18784.841129143268,0.024680705236216984
2021-10-19,18798.751539180426,0.0007405125197241076
2021-10-20,18201.781518632193,-0.031755833322443
2021-10-21,18132.895307157472,-0.0037845862177945167
2021-10-22,18343.824041828993,0.011632380328598878
2021-10-25,18785.19443317042,0.02406098043324997
2021-10-26,19067.93006284054,0.015050982340159991
2021-10-27,18312.56627213628,-0.03961435710194422
2021-10-28,18004.667727500662,-0.016813511555947357
2021-10-29,18101.710315598913,0.005389857206308036
2021-11-01,17893.061022003105,-0.011526496113243367
2021-11-02,18464.605023990625,0.03194221498963716
2021-11-03,18423.118079680655,-0.0022468362716703623
2021-11-04,18978.134748615656,0.030126098445145664
2021-11-05,19036.49328179626,0.0030750405112843185
2021-11-08,20152.309702091145,0.058614599011357266
2021-11-09,20169.91240798006,0.000873483295420421
2021-11-10,20175.773012210742,0.00029056170954723667
2021-11-11,21349.257972718147,0.058163073097481345
2021-11-12,21751.79484567637,0.018854841394142015
2021-11-15,22866.086430844305,0.05122756963614076
2021-11-16,23053.687488465865,0.008204336067255544
2021-11-17,22865.768719473872,-0.008151354055008005
2021-11-18,21633.765016582336,-0.053879828752150735
2021-11-19,20933.632394205673,-0.03236295771170704
2021-11-22,22022.012723678887,0.051991948123368784
2021-11-23,20646.81629263192,-0.062446446121988845
2021-11-24,20637.369682834382,-0.00045753348427425594
2021-11-26,19972.297192956532,-0.032226611244505536
2021-11-29,19855.570945926564,-0.005844407676405542
2021-11-30,18892.391603109783,-0.04850927457285635
2021-12-01,20920.936331484267,0.10737363331175992
2021-12-02,20709.68852470924,-0.010097435574961134
2021-12-03,21885.523715336916,0.056777058197894026
2021-12-06,20072.916152293874,-0.08282221557132792
2021-12-07,20048.79419355268,-0.0012017167091308567
2021-12-08,19088.072399057888,-0.04791918083551092
2021-12-09,19425.94299615266,0.017700613767131706
2021-12-10,19977.442941224614,0.02838986736351381
2021-12-13,20047.488133121446,0.0035062140887055673
2021-12-14,19641.16116988603,-0.02026822315779823
2021-12-15,18736.5726311968,-0.04605575662584302
2021-12-16,21336.82853238235,0.138779698526937
2021-12-17,21338.411058684444,7.416876878822069e-05
2021-12-20,20992.335489909347,-0.01621843200148917
2021-12-21,20611.784215806027,-0.018128105578640485
2021-12-22,20271.077217407415,-0.01652971886525687
2021-12-23,20337.78403646066,0.003290738737651301
2021-12-27,20107.452602095622,-0.011325296499958403
2021-12-28,20680.10566627735,0.028479642623752792
2021-12-29,20129.638520516808,-0.02661819792624075
2021-12-30,20019.99111978212,-0.00544706258003244
2021-12-31,18915.202682716408,-0.05518426209360555
2022-01-03,18927.31961300972,0.0006405921467806876
2022-01-04,19139.794684217217,0.011225840507361107
2022-01-05,18716.15317084711,-0.02213406780791881
2022-01-06,17424.135707237605,-0.06903221253937981
2022-01-07,16442.984679756053,-0.05630988210646237
2022-01-10,15295.136492635462,-0.0698077757460771
2022-01-11,15919.13105811378,0.04079692690410239
2022-01-12,15742.714091721084,-0.011082072617448485
2022-01-13,16044.534171261728,0.01917204859226714
2022-01-14,15750.121861625106,-0.0183496950733515
2022-01-18,15290.49292805429,-0.029182563640392786
2022-01-19,15320.636867257264,0.0019714170985076045
2022-01-20,13815.816255777045,-0.09822180530211971
2022-01-21,13825.756113396765,0.0007194549663733819
2022-01-24,14215.03508440622,0.028156071018224815
2022-01-25,13327.338634167209,-0.062447714336829684
2022-01-26,13478.631414183705,0.011352062416169671
2022-01-27,14165.747993472447,0.050978215678906584
2022-01-28,13515.17747965962,-0.04592560266585352
2022-01-31,16218.103730583696,0.19999191686472398
2022-02-01,15336.706754072537,-0.054346487798634734
2022-02-02,16430.137475624386,0.07129501392217058
2022-02-03,15930.48878513142,-0.030410499682929706
2022-02-04,15297.83302433544,-0.03971351848202318
2022-02-07,14498.824914183542,-0.052230149778785886
2022-02-08,15145.724971711115,0.044617412883904764
2022-02-09,15259.128488091606,0.007487493440710453
2022-02-10,15043.097876160904,-0.014157467256357083
2022-02-11,14709.450896808296,-0.022179406269857885
2022-02-14,13982.591470184987,-0.04941445005136284
2022-02-15,14822.453549438873,0.06006483712584458
2022-02-16,14875.99053895092,0.0036118844517528397
2022-02-17,15545.02228176059,0.044973929034029275
2022-02-18,15587.322200536708,0.0027211230713866004
2022-02-22,15139.731077812494,-0.02871507478743227
2022-02-23,15350.289372439274,0.013907664115339387
2022-02-24,21479.652002566032,0.39929948429061807
2022-02-25,20877.309819197966,-0.028042455403658753
2022-02-28,20778.050409169537,-0.0047544157215673915
2022-03-01,21917.748047144243,0.054851038260632326
2022-03-02,21597.518108425284,-0.014610531065060002
2022-03-03,23042.548915407395,0.06690726220150256
2022-03-04,22834.83913295034,-0.009014184290964903
2022-03-07,21991.382398892463,-0.036937275062331465
2022-03-08,21139.1600354232,-0.03875255988964948
2022-03-09,21081.701976971563,-0.0027180861659286608
2022-03-10,21207.345062190936,0.0059598169709741255
2022-03-11,23476.11163154344,0.10698022608201567
2022-03-14,24541.107326474692,0.04536508054001077
2022-03-15,25158.78668941975,0.025169172471639543
2022-03-16,27237.765107352316,0.0826342877181297
2022-03-17,28165.949269693527,0.03407710429556003
2022-03-18,29734.805761985837,0.05570046573862131
2022-03-21,29383.796628447333,-0.011804655337188939
2022-03-22,28057.498103886537,-0.04513707133668244
2022-03-23,27052.488197150964,-0.035819655160071406
2022-03-24,26361.02917891098,-0.025559904626917228
2022-03-25,28165.304156823644,0.0684447851283476
2022-03-28,26598.390945318773,-0.05563274597640915
2022-03-29,25952.11518107731,-0.02429755114022052
2022-03-30,24805.013979972435,-0.04420068241455991
2022-03-31,25214.857577999286,0.01652261104782116
2022-04-01,24374.252284624592,-0.03333769745771432
2022-04-04,25901.9570402744,0.0626769895466083
2022-04-05,26290.423100461365,0.014997556346145852
2022-04-06,25751.473779279146,-0.020499834450087757
2022-04-07,25302.737079383467,-0.017425670613724378
2022-04-08,24150.20107481987,-0.04554985498002412
2022-04-11,23695.663294555467,-0.0188212834690774
2022-04-12,23572.52028630088,-0.005196858459871873
2022-04-13,23561.76080678424,-0.00045644162719814545
2022-04-14,23329.268434793456,-0.009867359824985747
2022-04-18,23195.12568851782,-0.005749976543438297
2022-04-19,23265.42810459203,0.0030309133487045736
2022-04-20,23617.8797220978,0.015149156762613268
2022-04-21,24694.656708835075,0.045591602608162925
2022-04-22,23946.215425784358,-0.030307822938188237
2022-04-25,22587.23588996425,-0.05675132841061855
2022-04-26,23105.902738442517,0.022962829582380037
2022-04-27,21875.51507570709,-0.05324992823969457
2022-04-28,21411.903686838265,-0.02119316447015552
2022-04-29,19802.15295406588,-0.07518017810634402
2022-05-02,20048.97786826887,0.012464549424274062
2022-05-03,19220.989363064928,-0.04129829014946355
2022-05-04,18474.02782623952,-0.03886176318586242
2022-05-05,19956.080606399122,0.08022358708665446
2022-05-06,18694.817108624764,-0.06320196448644931
2022-05-09,19668.70218800046,0.052093854340324104
2022-05-10,20304.606790825786,0.032330786075620094
2022-05-11,17687.638997621085,-0.1288854209374359
2022-05-12,16734.64864162859,-0.05387889000452053
2022-05-13,16499.15385165508,-0.014072287683871731
2022-05-16,16636.944122889283,0.008351353801115223
2022-05-17,17337.391338374262,0.04210191549067581
2022-05-18,17690.103509191587,0.020344016232513553
2022-05-19,17572.594489302086,-0.006642641736293197
2022-05-20,18121.54564758076,0.0312390500226285
2022-05-23,17307.378996085172,-0.0449281020134327
2022-05-24,19263.026915637794,0.11299503639430199
2022-05-25,20720.4131542995,0.07565717709082331
2022-05-26,23408.645764835415,0.12973836913952205
2022-05-27,23718.560186189447,0.013239314416880364
2022-05-31,25795.292172224283,0.08755725346448522
2022-06-01,24791.17525344562,-0.03892636346487549
2022-06-02,27300.322539977376,0.10121130849506706
2022-06-03,26491.285346159515,-0.02963471192082591
2022-06-06,26404.554877352144,-0.0032739245255211783
2022-06-07,27385.52404923898,0.03715151330682868
2022-06-08,27138.27911359096,-0.0090283076271782
2022-06-09,27573.51284894452,0.016037632066935065
2022-06-10,27791.409392902984,0.007902386074351989
2022-06-13,26665.986657683585,-0.040495345857011346
2022-06-14,27026.965917685306,0.013537067449844677
2022-06-15,27211.7578634333,0.006837317452162668
2022-06-16,27551.15752877727,0.012472537314469
2022-06-17,27053.6887527841,-0.01805618422650887
2022-06-21,27211.43622298306,0.005830904304416721
2022-06-22,25865.60205590983,-0.04945840256445286
2022-06-23,27722.638220822177,0.07179559017796171
2022-06-24,28894.070863323333,0.04225545322094588
2022-06-27,28696.467228910595,-0.006838899071974161
2022-06-28,28188.88358109851,-0.017688018659687617
2022-06-29,28763.43335887459,0.020382140219321495
2022-06-30,28260.89153625989,-0.017471552034300116
2022-07-01,27870.01828886439,-0.013830888770582243
2022-07-05,27588.05233008474,-0.010117178821239196
2022-07-06,26613.521246722306,-0.03532438867747511
2022-07-07,27002.411628259175,0.014612511359606893
2022-07-08,27977.634217411294,0.03611612927682009
2022-07-11,28237.788211579285,0.009298641627321379
2022-07-12,28356.089085437845,0.004189452551034086
2022-07-13,26517.954758901964,-0.06482326674166945
2022-07-14,26137.170541451404,-0.014359486653952208
2022-07-15,24079.564329377154,-0.07872337247871014
2022-07-18,23110.2234438614,-0.040255748495131756
2022-07-19,21947.71634465571,-0.0503027200074294
2022-07-20,23359.125031438587,0.0643077696384826
2022-07-21,24070.68785866348,0.030461878442245415
2022-07-22,26398.484291959187,0.09670668520001967
2022-07-25,24760.48077192806,-0.0620491503192117
2022-07-26,24897.926677847023,0.00555101927078849
2022-07-27,24143.053367082248,-0.030318721736634552
2022-07-28,23595.25577826208,-0.022689656543900934
2022-07-29,23243.8246559038,-0.014894143367669843
2022-08-01,23032.503952393625,-0.009091477269275594
2022-08-02,25275.43820065404,0.09738125967095813
2022-08-03,25597.64963693044,0.012748005938352519
2022-08-04,24328.453704165277,-0.04958251834707746
2022-08-05,25629.44691329358,0.05347619807442015
2022-08-08,24572.402063936246,-0.04124337341080362
2022-08-09,24080.155924928506,-0.020032479434730795
2022-08-10,23237.268346847228,-0.03500341030635502
2022-08-11,23385.906337338467,0.006396534578532196
2022-08-12,21044.126798486508,-0.10013636012528705
2022-08-15,20448.82666644748,-0.02828818404961536
2022-08-16,20415.524496970113,-0.0016285613849917138
2022-08-17,19891.238441939047,-0.025680753639656613
2022-08-18,20596.42641395956,0.03545219037411389
2022-08-19,20918.170114333676,0.015621336143829656
2022-08-22,20459.677458173912,-0.02191839217549877
2022-08-23,20064.09323680546,-0.019334821977382156
2022-08-24,19646.979572624088,-0.02078906129763293
2022-08-25,19643.03003558498,-0.00020102515119485305
2022-08-26,20960.84185335669,0.06708801113597984
2022-08-29,20526.98821824807,-0.020698292470497492
2022-08-30,20328.56287682972,-0.009666558937367677
2022-08-31,19977.452387931145,-0.017271781139962826
2022-09-01,19408.517283458892,-0.028478861739946425
2022-09-02,19331.451283170976,-0.003970730950869486
2022-09-06,18748.615074600497,-0.030149635432589996
2022-09-07,18082.953604655264,-0.03550456752653864
2022-09-08,18691.661029840547,0.03366194696360765
2022-09-09,18660.33079048129,-0.0016761613271950467
2022-09-12,18652.886644359252,-0.0003989289474886793
2022-09-13,17964.82174380975,-0.03688785085484769
2022-09-14,17759.95203847052,-0.011403937554227077
2022-09-15,17456.49851266494,-0.017086393316167636
2022-09-16,17456.9739892266,2.7237796933631127e-05
2022-09-19,18230.076123653194,0.044286148040531305
2022-09-20,18017.176672238704,-0.011678472978961307
2022-09-21,17594.816081428977,-0.023442107411896035
2022-09-22,18281.33267836443,0.03901811725443714
2022-09-23,18068.007859207104,-0.011668997162870473
2022-09-26,17209.655001013063,-0.04750677910274655
2022-09-27,16453.879224227036,-0.04391580056320353
2022-09-28,16740.28911068621,0.017406830483929894
2022-09-29,17514.619613034847,0.04625550354768601
2022-09-30,17963.119172159884,0.025607153853986674
2022-10-03,17580.43795325878,-0.02130371764688841
2022-10-04,18200.401719112557,0.035264409652482835
2022-10-05,17425.25152269224,-0.042589730072073964
2022-10-06,16732.469412778286,-0.0397573664295043
2022-10-07,17484.832279115275,0.04496424572946924
2022-10-10,17033.786885932965,-0.025796380884994956
2022-10-11,16456.796071583434,-0.033873314149892766
2022-10-12,15633.802450985737,-0.05000934671717732
2022-10-13,14977.93835939293,-0.041951668101796555
2022-10-14,15773.82029636404,0.053136948348568795
2022-10-17,15730.757968634349,-0.002729987214296889
2022-10-18,16361.429819759442,0.040091637820796264
2022-10-19,16726.119414216915,0.022289591953451655
2022-10-20,16683.062951192194,-0.0025742051672860565
2022-10-21,15077.352347622684,-0.0962479496880855
2022-10-24,14358.192511845804,-0.047698018803034245
2022-10-25,15926.225040952926,0.10920821181450689
2022-10-26,15444.455332293046,-0.03025008797885561
2022-10-27,15781.66375575919,0.02183362353744315
2022-10-28,15045.493291104516,-0.046647202478003816
2022-10-31,14437.684951242354,-0.04039803335803696
2022-11-01,14283.777308266908,-0.010660133081945498
2022-11-02,15259.579182291927,0.06831539395816978
2022-11-03,16245.21599472482,0.06459134951615712
2022-11-04,17590.786003287634,0.08282869301336158
2022-11-07,18033.432252995655,0.02516352877155639
2022-11-08,16915.148280015273,-0.0620117100999792
2022-11-09,17716.95921675404,0.04740194549084045
2022-11-10,19554.44861434178,0.10371358736605994
2022-11-11,22043.20001132914,0.1272729007128351
2022-11-14,22180.41292652527,0.00622472758608598
2022-11-15,21679.15556580812,-0.022599099591951426
2022-11-16,21447.467182622724,-0.010687149805355347
2022-11-17,20937.690221041135,-0.023768632316389506
2022-11-18,22154.706268801292,0.058125611512636025
2022-11-21,22396.11801090769,0.010896634745564501
2022-11-22,21829.007289999085,-0.025321831249165688
2022-11-23,21416.233354119482,-0.018909423154057713
2022-11-25,20933.888249975236,-0.022522406072469494
2022-11-28,20445.005983800755,-0.02335362930845198
2022-11-29,20643.51640938245,0.009709482390906661
2022-11-30,19717.683160523335,-0.04484862125709957
2022-12-01,19755.092882556884,0.001897267631749347
2022-12-02,20248.437396035384,0.024973029304970192
2022-12-05,20071.313702611074,-0.008747524066177511
2022-12-06,20705.0562531619,0.031574542650309005
2022-12-07,20129.27125792312,-0.02780890755372147
2022-12-08,19286.13595171126,-0.04188603230631067
2022-12-09,18870.646520875984,-0.021543425384721093
2022-12-12,19164.50880596387,0.015572454540060081
2022-12-13,21683.552470689006,0.1314431635180353
2022-12-14,20308.290383840194,-0.06342420545285832
2022-12-15,20058.52602990227,-0.012298640073448426
2022-12-16,19270.823975461768,-0.039270186317092004
2022-12-19,19667.17372273554,0.02056734822436546
2022-12-20,19845.697289830674,0.00907723547937938
2022-12-21,19850.873951398804,0.000260845537071874
2022-12-22,20242.708802199453,0.019738921911447604
2022-12-23,19838.94814512016,-0.019945979612937138
2022-12-27,19625.833772095222,-0.01074222138522803
2022-12-28,18993.96631855969,-0.032195699855256305
2022-12-29,19847.15731851224,0.04491905406396685
2022-12-30,19775.592385048818,-0.003605802700856812
2023-01-03,19384.192073510723,-0.019792090366608246
2023-01-04,19100.403163174393,-0.014640223810211704
2023-01-05,18658.328892905454,-0.023144761212227066
2023-01-06,18904.398563763687,0.013188194520024529
2023-01-09,18262.778026666612,-0.033940277704837735
2023-01-10,18888.67741907502,0.034271861131668614
2023-01-11,18939.735517087767,0.0027031060396630695
2023-01-12,17760.662339667084,-0.06225394099917097
2023-01-13,19307.500176125344,0.08709347697036712
2023-01-17,19124.64032390897,-0.00947092324476528
2023-01-18,18185.060934426787,-0.049129258044531866
2023-01-19,18113.627359386548,-0.00392814603689371
2023-01-20,17646.226336699747,-0.02580383340196035
2023-01-23,18207.690936383602,0.031817828297722076
2023-01-24,17577.46451880619,-0.03461319833357113
2023-01-25,16143.146242268998,-0.08159983910094715
2023-01-26,16244.885475180501,0.006302317490323517
2023-01-27,17172.342862039503,0.057092269950194736
2023-01-30,16225.693503477461,-0.055126395167351655
2023-01-31,16321.200587200474,0.0058861634297814915
2023-02-01,16678.628139091055,0.021899586980806268
2023-02-02,16522.74163674868,-0.009346482279139583
2023-02-03,15881.177477413527,-0.03882915883089485
2023-02-06,15577.876815005184,-0.019098121838868845
2023-02-07,15473.033709291305,-0.006730256437314377
2023-02-08,15511.965255335903,0.002516090042589408
2023-02-09,15362.53838894962,-0.009633006774230674
2023-02-10,14695.01557758163,-0.04345133561053587
2023-02-13,13799.70641013496,-0.06092604412155452
2023-02-14,13958.107526022812,0.011478585933648307
2023-02-15,14613.188144116813,0.046931907987719845
2023-02-16,13309.937328543692,-0.08918319552997762
2023-02-17,12935.3417687667,-0.028144051360306302
2023-02-21,12626.44644247518,-0.02387995089834972
2023-02-22,12081.012648025515,-0.04319772763735286
2023-02-23,12412.852639678325,0.027467895392613993
2023-02-24,12126.095105526101,-0.023101662645666914
2023-02-27,11948.018972866292,-0.01468536500086136
2023-02-28,12237.911768847793,0.024262833582691976
2023-03-01,12081.774825342653,-0.012758462918697781
2023-03-02,12119.429405400546,0.0031166430927771936
2023-03-03,12171.449922358091,0.004292323938482161
2023-03-06,12406.434201467864,0.019306186248042836
2023-03-07,12114.322000729073,-0.023545218230733
2023-03-08,11629.820225958189,-0.03999413047975169
2023-03-09,11036.201091452373,-0.0510428470064255
2023-03-10,10843.397395999915,-0.017470114385808585
2023-03-13,9898.126598882263,-0.08717478135278509
2023-03-14,9774.3423880784,-0.012505822143944101
2023-03-15,9641.012188862618,-0.013640835763887565
2023-03-16,9766.394774710743,0.013005126784609605
2023-03-17,9707.92866117825,-0.005986458143580822
2023-03-20,9726.79752261279,0.0019436547272947452
2023-03-21,9656.989816320027,-0.007176843779309016
2023-03-22,9903.716398282148,0.025549015444249545
2023-03-23,9885.870565374422,-0.0018019329502227508
2023-03-24,9864.80001237858,-0.0021313806261678697
2023-03-27,10032.136790935903,0.016963017835875432
2023-03-28,9974.990964791457,-0.005696276609393761
2023-03-29,10177.396523258969,0.02029130243645723
2023-03-30,10112.188138099213,-0.006407177416221468
2023-03-31,10471.085810201057,0.03549159362943842
2023-04-03,10168.395496687861,-0.028907251740627606
2023-04-04,10864.704798995808,0.068477795000672
2023-04-05,11081.182643588701,0.019924871277947745
2023-04-06,10497.721181729321,-0.052653356652049864
2023-04-10,10189.075712125006,-0.029401187577880603
2023-04-11,10258.000315753536,0.006764558982176212
2023-04-12,11078.763695054291,0.08001202515467683
2023-04-13,11277.241884218072,0.017915192942727334
2023-04-14,11392.746099235328,0.010242239742937366
2023-04-17,11426.540558818151,0.00296631376565932
2023-04-18,11236.475065750512,-0.016633686467857574
2023-04-19,10780.436403590455,-0.0405855625978374
2023-04-20,10381.808220928935,-0.03697699867964112
2023-04-21,10665.33344430859,0.027309811291648556
2023-04-24,10383.027513583069,-0.026469489416307935
2023-04-25,10969.26769169155,0.056461391183020716
2023-04-26,11002.220246318286,0.003004079720991303
2023-04-27,10798.477443674077,-0.018518335216238604
2023-04-28,10513.930699991746,-0.026350635556406415
2023-05-01,11156.529535262305,0.06111880072322175
2023-05-02,11421.207823559569,0.023724070057870427
2023-05-03,12143.922161594066,0.06327827574800697
2023-05-04,12504.599675040248,0.029700249116125597
2023-05-05,12715.55989500516,0.01687060965142275
2023-05-08,12748.392995377266,0.002582119910032669
2023-05-09,12154.552646026425,-0.04658158479787805
2023-05-10,12140.7438603141,-0.001136099872572296
2023-05-11,12470.587291998121,0.027168304963769097
2023-05-12,12131.178845322942,-0.027216717122293337
2023-05-15,12166.938255746,0.0029477275769323524
2023-05-16,11918.798256017162,-0.020394613214351622
2023-05-17,12253.325833736182,0.028067223769823853
2023-05-18,12284.396967691102,0.002535730656029304
2023-05-19,12449.154312257317,0.0134119196082265
2023-05-22,12913.653574496378,0.03731171215234442
2023-05-23,12331.88971660551,-0.04505029150230677
2023-05-24,11763.277074085297,-0.04610912484520088
2023-05-25,11895.67086362283,0.011254838996286041
2023-05-26,12694.402215649849,0.0671447084560445
2023-05-30,12390.66326051132,-0.023926999474152135
2023-05-31,12557.653635736546,0.013477113509929637
2023-06-01,12474.467145629327,-0.006624365707180098
2023-06-02,12170.126710020204,-0.024397068993504478
2023-06-05,12357.677671378211,0.015410764885758214
2023-06-06,11990.181852793194,-0.029738258947810157
2023-06-07,11794.43267082969,-0.016325789247133224
2023-06-08,11766.958350817316,-0.0023294312477041865
2023-06-09,11401.150132785458,-0.03108774647837936
2023-06-12,11747.476458138775,0.030376437580399165
2023-06-13,11649.574083484606,-0.00833390686102143
2023-06-14,11191.657894818309,-0.03930754767382239
2023-06-15,10914.600136867386,-0.024755738654163112
2023-06-16,10525.202377938884,-0.035676777348277976
2023-06-20,10139.03708694729,-0.03668958345171658
2023-06-21,10285.13464158654,0.014409411208025956
2023-06-22,10356.0270117827,0.006892702202411437
2023-06-23,10819.694506155667,0.04477271967767403
2023-06-26,10475.930637227204,-0.03177204945415826
2023-06-27,10735.66845355205,0.02479377014981796
2023-06-28,11238.599384166984,0.046846727131232446
2023-06-29,10866.031488863473,-0.033150740814588346
2023-06-30,10522.180158244453,-0.031644610175428835
2023-07-03,10494.47192044043,-0.002633317182115889
2023-07-05,10425.900003559858,-0.006534098847509622
2023-07-06,10201.347204470982,-0.021537977441967088
2023-07-07,10318.99143984155,0.011532225402445707
2023-07-10,10303.876228738724,-0.0014647953911915979
2023-07-11,10360.207738113964,0.0054670211602626025
2023-07-12,10111.089708708823,-0.024045659672311936
2023-07-13,9986.444648409632,-0.012327559530189268
2023-07-14,9903.446406761694,-0.00831109013968804
2023-07-17,9645.971484639062,-0.02599851723808376
2023-07-18,9383.60228323897,-0.027199873213175827
2023-07-19,9192.811579011659,-0.020332351954867336
2023-07-20,8782.932206401165,-0.04458694373180676
2023-07-21,8752.09464031776,-0.0035110786874717583
2023-07-24,8663.104275073787,-0.01016789339023219
2023-07-25,9080.783536419094,0.04821357888385209
2023-07-26,8994.06454356976,-0.009549725803014757
2023-07-27,8587.404323846193,-0.0452142874618691
2023-07-28,8594.166965348848,0.00078750705657081
2023-07-31,8917.483659033835,0.037620480843411616
2023-08-01,8675.10781286984,-0.027179847525535622
2023-08-02,8589.654458479625,-0.009850408344601862
2023-08-03,8781.469386450228,0.022330924823319796
2023-08-04,8555.411061562438,-0.025742653642521124
2023-08-07,8450.555532879265,-0.012256048006186895
2023-08-08,8481.747493886642,0.0036911136653696884
2023-08-09,9650.820918755722,0.13783402838998782
2023-08-10,9667.309080944995,0.0017084725048860606
2023-08-11,9643.838915913493,-0.0024277867641330493
2023-08-14,9576.586453402153,-0.0069736194370029776
2023-08-15,9413.791697422985,-0.01699924673277852
2023-08-16,9757.056449353102,0.036464026713495794
2023-08-17,9938.580225843027,0.01860435854114176
2023-08-18,10264.049287611277,0.0327480439230083
2023-08-21,10350.923387473615,0.008463920761486991
2023-08-22,10425.07281887602,0.007163557165550966
2023-08-23,10926.24639932996,0.04807386856296073
2023-08-24,12644.016863374642,0.15721505824269366
2023-08-25,12453.126232206347,-0.01509730912501701
2023-08-28,12259.076650904522,-0.0155823989642032
2023-08-29,13022.778518174011,0.06229685065335968
2023-08-30,12677.892156599886,-0.026483316221098036
2023-08-31,12775.275830079481,0.007681377335971363
2023-09-01,12443.080873873663,-0.02600295763662989
2023-09-05,12642.177741992988,0.016000608702733933
2023-09-06,12600.62271863587,-0.0032870146429824342
2023-09-07,12253.285216696308,-0.02756510608208777
2023-09-08,12294.1769143045,0.0033372027897036697
2023-09-11,12265.418267851843,-0.0023392087695758325
2023-09-12,12044.579988796737,-0.018004952968781546
2023-09-13,11696.787280947869,-0.028875453371754574
2023-09-14,11440.373192005869,-0.021921753622010032
2023-09-15,11416.570166591144,-0.0020806161665563425
2023-09-18,11225.05942022655,-0.01677480570522143
2023-09-19,10929.772194272124,-0.026306072413509362
2023-09-20,11111.867439474623,0.01666047946524711
2023-09-21,10314.531202243816,-0.07175537699435575
2023-09-22,10340.400046853254,0.0025080000343409665
2023-09-25,10310.693805849836,-0.0028728328564480987
2023-09-26,9980.162959422756,-0.032057090691564545
2023-09-27,9828.78459479355,-0.01516792513756332
2023-09-28,10273.547410076137,0.04525104920075105
2023-09-29,9756.040849108313,-0.05037272329714101
2023-10-02,9412.597806753676,-0.03520311647588335
2023-10-03,9556.02256517502,0.015237531802159334
2023-10-04,9379.772637573304,-0.01844385845676256
2023-10-05,9381.633040549072,0.00019834201186460257
2023-10-06,10332.907225812678,0.1013975052266521
2023-10-09,10540.8932312875,0.020128507972591855
2023-10-10,10392.877844214057,-0.014042015588783686
2023-10-11,10260.95322763115,-0.012693752256152355
2023-10-12,10587.532872207239,0.031827417719502045
2023-10-13,10868.906017042407,0.02657589338624724
2023-10-16,10816.891791417711,-0.004785598986976121
2023-10-17,10923.48181221585,0.009854034121216805
2023-10-18,10976.314292412417,0.0048365970763537556
2023-10-19,10975.225706893449,-9.917586996572553e-05
2023-10-20,10830.447315365189,-0.013191381698631151
2023-10-23,10353.910786275661,-0.04399970889599959
2023-10-24,9967.33872532888,-0.037335850088566554
2023-10-25,10549.198472271859,0.05837664024243134
2023-10-26,10219.403972720178,-0.03126251728209795
2023-10-27,10326.165697527047,0.010446961984462152
2023-10-30,10453.84562046711,0.012364698251030377
2023-10-31,10168.630270961829,-0.027283294575048102
2023-11-01,9937.646007894855,-0.022715376300639627
2023-11-02,9621.261992090102,-0.03183691747053637
2023-11-03,9530.407174873122,-0.0094431289046773
2023-11-06,10019.04959674532,0.05127193549090977
2023-11-07,10039.611027402569,0.002052233643391332
2023-11-08,9925.039610345126,-0.011411937847465022
2023-11-09,9681.667895667819,-0.02452098170204126
2023-11-10,9667.09899859073,-0.0015047920703422125
2023-11-13,9782.524316847841,0.011940016159339787
2023-11-14,10086.997298967231,0.031124173296969485
2023-11-15,9980.866929001773,-0.010521502764388077
2023-11-16,9875.134917279594,-0.010593469733070003
2023-11-17,9672.129845499161,-0.020557194760469945
2023-11-20,10056.484917270527,0.039738411075014954
2023-11-21,10253.178339906599,0.019558864181089788
2023-11-22,9892.53989373836,-0.03517333203545201
2023-11-24,9756.502230791373,-0.013751540494983863
2023-11-27,10089.479396708777,0.03412874389210226
2023-11-28,10037.171767634312,-0.005184373446614811
2023-11-29,9739.87838601641,-0.029619238217736748
2023-11-30,9936.268254914665,0.02016348265500043
2023-12-01,10030.283020715548,0.009461778143357006
2023-12-04,10086.959157043015,0.005650502205213347
2023-12-05,10236.244807978914,0.014799866700328892
2023-12-06,10175.70524486921,-0.005914235566397857
2023-12-07,10262.380995382695,0.008517910889487381
2023-12-08,10866.530482346123,0.058870303805252454
2023-12-11,11098.923827071401,0.021386158636634508
2023-12-12,11055.94183253863,-0.003872627220662067
2023-12-13,11206.960158016102,0.013659471781319502
2023-12-14,11016.595346601405,-0.01698630214889568
2023-12-15,10925.811248530776,-0.008240667394453742
2023-12-18,11252.565278544836,0.02990661494889001
2023-12-19,11271.840748857703,0.0017129845360344975
2023-12-20,11292.163100312806,0.0018029310303344323
2023-12-21,10985.525786874305,-0.027154878185385648
2023-12-22,10849.094845292679,-0.012419154460921324
2023-12-26,10802.037949856485,-0.00433740289924847
2023-12-27,11284.401103057171,0.04465482860177276
2023-12-28,11096.75503667766,-0.01662880153459579
2023-12-29,12035.260952271836,0.08457480700368444
2024-01-02,13701.794245244222,0.1384708897946915
2024-01-03,13925.656593128879,0.016338177604904372
2024-01-04,14619.101026790522,0.049796175068958656
2024-01-05,14536.558867393831,-0.005646185715895051
2024-01-08,15226.063568848578,0.047432456865794934
2024-01-09,15082.314931582256,-0.009440958696666758
2024-01-10,15040.440691013031,-0.002776380201525945
2024-01-11,16520.88915465157,0.0984311892219447
2024-01-12,18241.866606288422,0.10416978381289495
2024-01-16,17999.54836163016,-0.013283632091396253
2024-01-17,17667.801357275643,-0.018430851579682172
2024-01-18,17709.467154990674,0.0023582899123932993
2024-01-19,17548.50778963457,-0.009088888104165626
2024-01-22,16941.71722965845,-0.03457790071099562
2024-01-23,16921.812212011035,-0.0011749114554084176
2024-01-24,17246.703807270387,0.019199574560267482
2024-01-25,17036.87511793824,-0.01216630677241014
2024-01-26,16820.503076881294,-0.012700218764245645
2024-01-29,16796.053214140316,-0.0014535749988704883
2024-01-30,16892.40021848991,0.005736288348293632
2024-01-31,16362.813199275617,-0.031350608105686684
2024-02-01,16070.85734790248,-0.017842644037888454
2024-02-02,15563.275799904075,-0.03158397445825459
2024-02-05,15646.633157168593,0.005356029047884099
2024-02-06,15704.20624604874,0.0036795832241883573
2024-02-07,15204.54344838401,-0.031817131654804064
2024-02-08,16134.565216240693,0.061167359020933204
2024-02-09,15100.75847510212,-0.06407403777437809
2024-02-12,16569.503811200422,0.09726301751795735
2024-02-13,17005.22099849432,0.0262963328448838
2024-02-14,16220.455428717383,-0.046148507558144626
2024-02-15,15519.050292470187,-0.043242012490315125
2024-02-16,15066.755897065848,-0.029144463538712213
2024-02-20,14742.239967936188,-0.021538540303348154
2024-02-21,14211.645631001737,-0.035991432651243896
2024-02-22,13773.546328093908,-0.03082678208300838
2024-02-23,13526.489083181748,-0.017937083088633222
2024-02-26,14746.857618560174,0.0902206424648492
2024-02-27,14602.987546851327,-0.009755981608432582
2024-02-28,16192.447975562261,0.10884488010493788
2024-02-29,17478.61085054212,0.07942979819487112
2024-03-01,17660.986058997278,0.010434193541731052
2024-03-04,18698.64330624271,0.05875420793488511
2024-03-05,18760.040610813005,0.003283516539929781
2024-03-06,19188.869883155872,0.02285865373317456
2024-03-07,18899.2868490091,-0.015091197965804722
2024-03-08,18040.159390403987,-0.04545819455881516
2024-03-11,20207.339227375636,0.12013085860673867
2024-03-12,20067.251319861665,-0.006932526144965671
2024-03-13,19749.528407807436,-0.015832906410045294
2024-03-14,20263.579058606487,0.02602850256393139
2024-03-15,20354.24044832365,0.004474105460587785
2024-03-18,20370.828067788127,0.0008149466204151011
2024-03-19,20142.505081164723,-0.011208331142141708
2024-03-20,22801.176743341617,0.13199309874634318
2024-03-21,22186.307391335187,-0.026966562249291906
2024-03-22,21806.830417400754,-0.017104106926898403
2024-03-25,22776.303881060932,0.044457330345752104
2024-03-26,22195.58028214843,-0.02549683223165063
2024-03-27,22383.20153919915,0.008453090870601086
2024-03-28,22086.492225282123,-0.013255892522676418
2024-04-01,22821.334891566417,0.03327113508061405
2024-04-02,22004.967976710417,-0.03577209303202002
2024-04-03,22074.858309977502,0.003176116108919435
2024-04-04,22373.50065161622,0.013528618732005098
2024-04-05,21484.269670269467,-0.039744830064512855
2024-04-08,23146.491896962805,0.07736926840913595
2024-04-09,23086.28777247225,-0.0026010042799814626
2024-04-10,22280.908134730707,-0.034885627593270484
2024-04-11,22589.078644056906,0.013831146713711951
2024-04-12,23131.784893497235,0.02402516091921762
2024-04-15,23892.692711397813,0.032894470591177075
2024-04-16,23130.97612008034,-0.031880734437023196
2024-04-17,22437.750910814255,-0.029969561408361243
2024-04-18,21788.64721707316,-0.028929089030409406
2024-04-19,20731.136366418566,-0.04853494758618832
2024-04-22,18970.422814763482,-0.08493087501499368
2024-04-23,19537.780665082337,0.029907496309324027
2024-04-24,19202.82390899949,-0.017144053453393406
2024-04-25,18793.060701281942,-0.02133869526999681
2024-04-26,18331.227512680383,-0.02457466593347703
2024-04-29,18129.38654511378,-0.011010772051516064
2024-04-30,18379.250765068708,0.013782276600102106
2024-05-01,18776.467303469264,0.02161222693340149
2024-05-02,18577.942436393172,-0.010573068078648126
2024-05-03,18179.239255491753,-0.021461105408550587
2024-05-06,18800.82874585996,0.03419227183450099
2024-05-07,19049.357361175003,0.013219024473576552
2024-05-08,18676.78713280829,-0.01955815208370525
2024-05-09,19263.762363179325,0.03142806234268916
2024-05-10,19390.92255542501,0.006601005029460869
2024-05-13,19325.896099696263,-0.0033534482716272413
2024-05-14,19031.18485614877,-0.015249551277062158
2024-05-15,19637.083477638662,0.03183714656074761
2024-05-16,20263.472866214917,0.03189829025728501
2024-05-17,19872.086837357478,-0.01931485443988195
2024-05-20,20323.894922247062,0.02273581474293043
2024-05-21,20730.469221495354,0.02000474322484537
2024-05-22,21529.664538699533,0.03855172348802881
2024-05-23,22843.851731498416,0.061040764961136876
2024-05-24,22485.96794671465,-0.015666525461216205
2024-05-28,22377.73966606085,-0.0048131475109396945
2024-05-29,21192.527196636052,-0.052963904626272235
2024-05-30,21130.585634202103,-0.002922802073543233
2024-05-31,21173.078065001606,0.002010944302969278
2024-06-03,21893.599770388828,0.034030087792394186
2024-06-04,22492.995340302172,0.02737766179155375
2024-06-05,21951.420968936825,-0.024077467814834448
2024-06-06,22407.664277858472,0.020784226659735103
2024-06-07,21478.68770345703,-0.04145798343289998
2024-06-10,21454.85258997,-0.0011097099513763472
2024-06-11,19984.44347274594,-0.0685350370531776
2024-06-12,19501.382618159834,-0.024171844226980214
2024-06-13,19161.352649499484,-0.017436198002889893
2024-06-14,19370.274575351006,0.010903297364916449
2024-06-17,19010.88383473716,-0.01855372463698452
2024-06-18,18916.13990460752,-0.00498366782698032
2024-06-20,19119.325387915935,0.010741381927447268
2024-06-21,19219.28236749055,0.005228059962711426
2024-06-24,19383.648652882406,0.008552155187120047
2024-06-25,19716.899060746997,0.017192346695524576
2024-06-26,19010.89588003891,-0.035807008928377716
2024-06-27,18030.242750043228,-0.05158374103901895
2024-06-28,18009.402520657728,-0.001155848519313504
2024-07-01,18149.968458076128,0.007805141634052735
2024-07-02,18267.01450782734,0.006448829375189957
2024-07-03,18247.769897899976,-0.0010535169783283827
2024-07-05,18296.352479169334,0.0026623845840444554
2024-07-08,17746.140185702032,-0.030072239485642145
2024-07-09,17989.173847115933,0.013695015303086163
2024-07-10,18164.622569193605,0.009753017207391156
2024-07-11,17944.715303320634,-0.012106349308128398
2024-07-12,17063.532651681246,-0.04910541274936399
2024-07-15,17047.49582613906,-0.0009398303311246119
2024-07-16,16470.91561085736,-0.033821988939725954
2024-07-17,16282.584382920713,-0.011434168712059985
2024-07-18,18094.202917625822,0.11126111752906813
2024-07-19,18933.675391399527,0.046394553968219426
2024-07-22,18790.429952874074,-0.007565643519510322
2024-07-23,18974.54507048761,0.009798345119046852
2024-07-24,19176.286349343172,0.010632206364164449
2024-07-25,19239.30952399406,0.0032865161430511492
2024-07-26,18718.40112187864,-0.027075212936606453
2024-07-29,19112.853253495716,0.02107296072184441
2024-07-30,19518.749724914527,0.021236832933071995
2024-07-31,18581.92920433054,-0.047995928724276375
2024-08-01,18109.469939558985,-0.02542573806929831
2024-08-02,16959.701252571344,-0.06348991388621732
2024-08-05,22013.83483370918,0.29800840863111044
2024-08-06,20414.72635623529,-0.07264106819885917
2024-08-07,21735.026136644763,0.06467389066942908
2024-08-08,20490.40165287417,-0.057263537478438306
2024-08-09,19930.029043092603,-0.027348053946173505
2024-08-12,19815.116557020097,-0.005765796217559151
2024-08-13,18940.1837568307,-0.044154814717929564
2024-08-14,19311.93176447358,0.019627476291448957
2024-08-15,20747.495624297826,0.07433559093581335
2024-08-16,20176.856226665677,-0.02750401339831399
2024-08-19,19717.1931153371,-0.022781701280157232
2024-08-20,19601.669648142542,-0.005859021946927092
2024-08-21,19541.3908342398,-0.0030751877255748854
2024-08-22,20516.763894088854,0.049913185203789914
2024-08-23,20604.95772948286,0.004298623108852669
2024-08-26,20463.946538342796,-0.006843556438764031
2024-08-27,20845.657633653635,0.01865285831330895
2024-08-28,20394.263971629767,-0.021654085947143704
2024-08-29,18948.60410516303,-0.0708856111933128
2024-08-30,18763.378830857517,-0.009775140864072624
2024-09-03,20239.571108045042,0.07867411783851197
2024-09-04,20161.446891353884,-0.0038599739230692053
2024-09-05,20166.934194918646,0.000272168143205836
2024-09-06,21141.053305660625,0.04830278620076148
2024-09-09,21838.750808730398,0.033002021847367405
2024-09-10,21007.742585495496,-0.03805200354695623
2024-09-11,21314.159916258217,0.014585923714349042
2024-09-12,21767.11398483487,0.021251321673304298
2024-09-13,21722.710873844877,-0.002039917235740492
2024-09-16,20257.390402075067,-0.0674556909715225
2024-09-17,19227.625484484193,-0.050834036228348096
2024-09-18,18737.221518288927,-0.02550517569582378
2024-09-19,19631.70497298423,0.04773831882289593
2024-09-20,19838.885827400485,0.010553380600480835
2024-09-23,19475.655149702958,-0.018309026064147756
2024-09-24,19278.553530614077,-0.010120410203088195
2024-09-25,18935.34018169411,-0.01780285789465219
2024-09-26,18611.893766892175,-0.01708162682572924
2024-09-27,18732.37292169562,0.006473234605376882
2024-09-30,18129.19797913548,-0.03219960146434786
2024-10-01,18780.905318893678,0.035947941023548605
2024-10-02,19217.43847182239,0.023243456346566847
2024-10-03,19784.82440851181,0.02952453509979235
2024-10-04,18745.950340880067,-0.05250863218097595
2024-10-07,19552.346892758487,0.04301710701323463
2024-10-08,19048.68587407885,-0.025759619622244732
2024-10-09,19162.69619559679,0.005985206657908344
2024-10-10,19041.561554759006,-0.00632137772270364
2024-10-11,19361.201341896962,0.016786427217050898
2024-10-14,18816.826092825962,-0.028116811527236767
2024-10-15,18044.104547055893,-0.04106545609541842
2024-10-16,17955.131200206575,-0.0049308818078109586
2024-10-17,18488.427007741164,0.02970158232697594
2024-10-18,18508.437157528653,0.0010823067738055987
2024-10-21,18318.651452979935,-0.010254010262099223
2024-10-22,18806.044967825317,0.0266064080151542
2024-10-23,18214.02530840598,-0.031480285218513794
2024-10-24,18220.85991991442,0.0003752389377257929
2024-10-25,17448.26885759604,-0.04240145995930632
2024-10-28,19012.115618303003,0.08962761712753814
2024-10-29,18806.13008097191,-0.01083443533936801
2024-10-30,18853.264255827864,0.0025063197294186274
2024-10-31,18985.144045431287,0.006995063974805096
2024-11-01,18314.40247500742,-0.03532981202664496
2024-11-04,17362.905292932403,-0.05195349307046563
2024-11-05,17481.531923193616,0.006832187831462818
2024-11-06,17389.6701671024,-0.00525478868183965
2024-11-07,17414.363694428015,0.0014200112531363837
2024-11-08,18954.06997099269,0.0884158791892766
2024-11-11,20153.369497504027,0.0632739843393395
2024-11-12,19699.96650952316,-0.022497626912314543
2024-11-13,19558.210754816893,-0.0071957358220757685
2024-11-14,20286.846975799122,0.03725474840804532
2024-11-15,19686.12711623887,-0.029611297422259496
2024-11-18,18785.57110581543,-0.045745717535298214
2024-11-19,19863.869199659224,0.05740033602225636
2024-11-20,19759.28337979075,-0.005265128299891712
2024-11-21,20344.985608271938,0.0296418760348478
2024-11-22,20606.39054069588,0.012848617219845053
2024-11-25,21161.011146931785,0.026914980823088692
2024-11-26,20109.263251860375,-0.04970215684725947
2024-11-27,19978.4388869748,-0.006505676674826606
2024-11-29,19708.26206619304,-0.01352342003848484
2024-12-02,19586.97340232467,-0.006154203930362011
2024-12-03,18939.47699290532,-0.03305750184673781
2024-12-04,18550.455594107323,-0.020540239782952965
2024-12-05,18515.65941868483,-0.0018757585357389154
2024-12-06,18424.120653320944,-0.004943856618550202
2024-12-09,20269.619509984102,0.10016754076838436
2024-12-10,20107.210101395092,-0.008012454723632805
2024-12-11,18987.803069904196,-0.05567192195466387
2024-12-12,18464.219627258048,-0.02757472471768115
2024-12-13,18172.021216340832,-0.015825115646147025
2024-12-16,18299.88364511134,0.007036224933279679
2024-12-17,17701.359229863418,-0.03270646015324862
2024-12-18,18096.566228675907,0.02232636452830966
2024-12-19,17810.95157436833,-0.015782809329594832
2024-12-20,19042.26545036233,0.06913240265983205
2024-12-23,18714.048201063757,-0.01723625007508381
2024-12-24,18067.040664441247,-0.03457336059366
2024-12-26,18327.210171596078,0.014400228127392414
2024-12-27,18088.983433270532,-0.012998527113240307
2024-12-30,17414.865843220156,-0.03726674815846712
2024-12-31,19080.836118104293,0.09566368698342415
2025-01-02,17937.162989890778,-0.05993831303484524
2025-01-03,18708.588231133075,0.04300709324418054
2025-01-06,19000.00409013713,0.015576582016974694
2025-01-07,18323.34069172496,-0.035613855407716735
2025-01-08,17998.54589964661,-0.01772574103940705
2025-01-10,18023.31675207483,0.001376269647911056
2025-01-13,16395.10493718121,-0.09033918880142731
2025-01-14,16017.729543407406,-0.023017565012224104
2025-01-15,15924.365327361435,-0.005828804625084834
2025-01-16,15504.84430254035,-0.026344599373154212
2025-01-17,14836.661356990448,-0.04309510837464047
2025-01-21,15828.482333960852,0.06684933713224493
2025-01-22,15122.644758689132,-0.04459287759745024
2025-01-23,15038.13920770393,-0.005588014023581873
2025-01-24,14542.227003611375,-0.03297696591600267
2025-01-27,15700.963547228082,0.07968081802938093
2025-01-28,14572.132465634155,-0.0718956564798354
2025-01-29,14678.054804241361,0.007268828969061712
2025-01-30,14958.065370092425,0.019076817029607545
2025-01-31,14495.932141814235,-0.03089525395457831
2025-02-03,17410.303138520227,0.2010475054790953
2025-02-04,17344.939460286594,-0.0037543101756232814
2025-02-05,16753.649640643318,-0.0340900480510242
2025-02-06,16580.26701062151,-0.010348946870728149
2025-02-07,16472.994189242407,-0.0064699091583012925
2025-02-10,16281.283857993443,-0.011637855817017114
2025-02-11,16498.883422463347,0.013365012634619243
2025-02-12,17039.235534502222,0.03275082914418217
2025-02-13,16647.366852466228,-0.022998020142541736
2025-02-14,16172.128757163571,-0.028547343223367043
2025-02-18,15935.206850293753,-0.014650013639352978
2025-02-19,15549.985707469266,-0.0241742166539486
2025-02-20,14992.446228452221,-0.03585466183092613
2025-02-21,15600.686646330047,0.04056979152098108
2025-02-24,15255.102340777417,-0.022151865067677978
2025-02-25,15234.372419987478,-0.0013588844130221437
2025-02-26,14496.232768517735,-0.04845225199439818
2025-02-27,14961.502832401273,0.032095929426160325
2025-02-28,15724.085300608172,0.05096964367479303
2025-03-03,17390.615535276636,0.10598583019668587
2025-03-04,16781.00962626927,-0.035053728131174314
2025-03-05,16458.787459613537,-0.019201595960669813
2025-03-06,15073.45458081928,-0.08416980182735684
2025-03-07,13795.229237054715,-0.08479976085847532
2025-03-10,15218.771630346419,0.10319091976144873
2025-03-11,14797.07430218872,-0.027709025301150478
2025-03-12,14819.882643412786,0.0015414088459833584
2025-03-13,14849.051769658772,0.001968242728221045
2025-03-14,14408.006785467163,-0.02970189551718046
2025-03-17,13843.94247236891,-0.03914936475926739
2025-03-18,14283.486270615875,0.03174990066046929
2025-03-19,13861.878205309717,-0.02951716810016432
2025-03-20,13704.862416150572,-0.011327165542328948
2025-03-21,13914.75694677754,0.015315332927356928
2025-03-24,14525.901821548325,0.043920628804969365
2025-03-25,13588.477742344572,-0.06453465614184027
2025-03-26,14256.31102358765,0.0491470269080964
2025-03-27,13862.292456661798,-0.027638185381472943
2025-03-28,13572.844934910143,-0.020880205972898518
2025-03-31,12728.721668498292,-0.06219206588301293
2025-04-01,11772.717934851542,-0.07510602859772775
2025-04-02,13892.513803975815,0.1800600235947982
2025-04-03,14333.87184534127,0.03176948733634831
2025-04-04,14747.698691289252,0.028870555730724144
2025-04-07,18481.358608662133,0.2531689855840471
2025-04-08,21268.59785344374,0.15081354697999544
2025-04-09,21681.81296996774,0.01942841363456841
2025-04-10,21804.7400397972,0.0056695936820287994
2025-04-11,21035.24619137422,-0.03529020969837442
2025-04-14,21504.91824031342,0.022327860804015342
2025-04-15,20604.470657199858,-0.04187170455852142
2025-04-16,19473.244493214235,-0.05490197650820671
2025-04-17,18851.77240217778,-0.0319141523259269
2025-04-21,19310.736312541867,0.02434592889054117
2025-04-22,19874.34619482499,0.0291863486280982
2025-04-23,18590.598060595017,-0.06459322594291138
2025-04-24,19246.675699284922,0.035290830157881696
2025-04-25,19532.58281855197,0.014854883187836497
2025-04-28,18822.694866174985,-0.036343783050684836
2025-04-29,18647.678337900674,-0.009298165300911371
2025-04-30,19403.367908288175,0.040524592750594085
2025-05-01,19212.963927088993,-0.00981293464614731
2025-05-02,19670.74903697784,0.023826886451569215
2025-05-05,19772.138365034032,0.005154319638037098
2025-05-06,20608.213528036144,0.04228552054241472
2025-05-07,20643.023450567176,0.0016891285837890356
2025-05-08,20000.659192359228,-0.031117741049230863
2025-05-09,19647.981932130366,-0.017633281825210755
2025-05-12,18900.46482945471,-0.038045490130120554
2025-05-13,19013.434510647006,0.0059770848077896005
2025-05-14,18197.089314499794,-0.04293517805476348
2025-05-15,17914.422116336893,-0.015533648996142726
2025-05-16,17421.000417385454,-0.027543266299473085
2025-05-19,17750.20394416924,0.018896935818637346
2025-05-20,17122.33299889941,-0.03537260457652838
2025-05-21,16780.036418293497,-0.019991234875989906
2025-05-22,17313.12188979609,0.031769029471320244
2025-05-23,18424.014623562798,0.06416478442408714
2025-05-27,18955.767633075506,0.02886195112072035
2025-05-28,18551.554326924124,-0.02132402728160051
2025-05-29,19694.233605499532,0.06159480000643509
2025-05-30,19441.562289606663,-0.012829710510913857
2025-06-02,18694.939049385575,-0.03840345899672004
2025-06-03,18318.929023957062,-0.020112931335867158
2025-06-04,18124.355510682926,-0.010621445883636364
2025-06-05,18234.68487214875,0.006087353638632579
2025-06-06,18325.909716426577,0.005002819896117961
2025-06-09,17955.60180523716,-0.02020679556537873
2025-06-10,17146.65815890828,-0.045052438514922306
2025-06-11,17030.585721463634,-0.006769391234661335
2025-06-12,16408.025981209146,-0.03655539218888257
2025-06-13,15183.986761282198,-0.07460002935933585
2025-06-16,15328.62225334648,0.009525528067048258
2025-06-17,15576.928123576823,0.01619883810341361
2025-06-18,15891.862539039423,0.020218005306574114
2025-06-20,15890.346591613823,-9.539142576120945e-05
2025-06-23,15293.137550865651,-0.03758313497474944
2025-06-24,15448.696861593447,0.010171837545461073
2025-06-25,15997.857632090298,0.03554738470285496
2025-06-26,15952.493564128845,-0.0028356339332872038
2025-06-27,15609.303340563994,-0.021513265132202048
2025-06-30,15964.90589297395,0.022781449283892686
2025-07-01,16122.866539477898,0.009894242256289583
2025-07-02,16552.37427234382,0.02663966310297515
2025-07-03,17752.08875735338,0.0724799032012028
2025-07-07,16145.363322633659,-0.09050909201060484
2025-07-08,16247.966011652472,0.006354932185079871
2025-07-09,15816.670999384105,-0.026544554066586394
2025-07-10,15590.029991449926,-0.014329248420416855
2025-07-11,16632.538378111018,0.06687019763482413
2025-07-14,15679.979999106681,-0.05727077595431465
2025-07-15,15859.189656274906,0.011429201898116926
2025-07-16,15726.313791508523,-0.008378477567030621
2025-07-17,16153.950314823664,0.027192419595877922
2025-07-18,15859.914317437666,-0.01820211104129591
2025-07-21,16602.68475403957,0.04683319353026028
2025-07-22,16090.704348937128,-0.030837205710231425
2025-07-23,15431.276233647082,-0.040981929752105836
2025-07-24,15691.482753636643,0.016862281255920573
2025-07-25,15754.992318114946,0.0040473908983256306
2025-07-28,16677.788575542192,0.05857167295259316
2025-07-29,16321.463954277806,-0.02136521995409706
2025-07-30,15742.56246079261,-0.03546872358428777
2025-07-31,15206.887769574994,-0.034027159971683894
2025-08-01,15469.552619608397,0.017272755215496954
2025-08-04,15903.81670215048,0.028072181091496628
2025-08-05,15097.346129801319,-0.050709247185935696
2025-08-06,16289.859748198061,0.07898829424350191
2025-08-07,16076.890467027642,-0.013073733258751776
2025-08-08,16712.521597873398,0.03953694479348369
2025-08-11,16812.03059292268,0.005954158052483534
2025-08-12,16705.199143348604,-0.006354464380944517
2025-08-13,16673.273837974608,-0.0019110999575666814
2025-08-14,17248.05412227305,0.03447315085711224
2025-08-15,17582.886838944618,0.01941278212011093
2025-08-18,17008.93692107492,-0.0326425303834889
2025-08-19,18029.51718046178,0.060002589469439885
2025-08-20,17606.22261947291,-0.023477864479232245
2025-08-21,17417.92188354729,-0.01069512410443763
2025-08-22,18404.931132734266,0.056666303580066614
2025-08-25,17422.427928574652,-0.05338260692604138
2025-08-26,17601.89365983883,0.010300845094605602
2025-08-27,17332.41999958896,-0.015309356223683634
2025-08-28,17539.607389272096,0.011953748506443393
2025-08-29,17961.224746068772,0.024038015643072754
2025-09-02,17764.675571065356,-0.010942971750656127
2025-09-03,18540.09957995449,0.043649770342675184
2025-09-04,18699.33358160289,0.008588627097804951
2025-09-05,18820.5028255951,0.006479869641526813
2025-09-08,18880.91790350782,0.00321006715243317
2025-09-09,18621.774479819753,-0.013725149646454562
2025-09-10,19499.16286421261,0.04711626087748378
2025-09-11,19751.846729390658,0.012958703249861401
2025-09-12,19362.795591991886,-0.019696949998091427
2025-09-15,18775.069094578066,-0.030353390584616554
2025-09-16,18736.990237784703,-0.0020281606742188194
2025-09-17,18246.49540357253,-0.02617788812330423
2025-09-18,19706.291896893454,0.08000421237248138
2025-09-19,20554.756386435354,0.043055512116698905
2025-09-22,18622.974373443016,-0.09398223830408291
2025-09-23,18172.405790824345,-0.024194233079179776
2025-09-24,17749.403559910515,-0.023277172862132177
2025-09-25,17439.17821923364,-0.017478071284466264
2025-09-26,17065.07554874773,-0.021451852018652726
2025-09-29,16702.125941234946,-0.021268561423943892
2025-09-30,16391.37456279354,-0.01860549845778682
2025-10-01,16711.747658635795,0.019545224509081995
2025-10-02,16155.703100956667,-0.03327267554759852
2025-10-03,16218.325323944127,0.0038761682234524806
2025-10-06,16714.482122474255,0.030592357017134343
2025-10-07,16272.312762541207,-0.026454266228117748
2025-10-08,15683.726777599686,-0.03617100983312237
2025-10-09,15405.9970209136,-0.017708148109462984
2025-10-10,15508.98285816504,0.006684788859275816
2025-10-13,15080.442719759361,-0.027631737189010047
2025-10-14,14871.235302461231,-0.013872763630739667
2025-10-15,14901.234316656044,0.002017250993927103
2025-10-16,16152.773158040292,0.08398893774761497
2025-10-17,15432.476882452987,-0.04459273144864083
2025-10-20,14996.630281215916,-0.028242167771048963
2025-10-21,15337.065807017672,0.022700801407911635
2025-10-22,15554.025589505432,0.01414610755523309
2025-10-23,15657.35729048823,0.00664340561793316
2025-10-24,15254.311987556188,-0.02574159198480388
2025-10-27,14825.07319458917,-0.028138849744070653
2025-10-28,14334.103343343178,-0.033117533033508624
2025-10-29,15469.214104565475,0.079189519848791
2025-10-30,15318.996178283298,-0.009710766511263385
2025-10-31,15320.527937467217,9.999083269507419e-05
2025-11-03,15787.58751374379,0.03048586694811955
2025-11-04,14272.102901739523,-0.09599215907338414
2025-11-05,14240.051497974775,-0.00224573799568396
2025-11-06,14558.10693643842,0.02233527305072455
2025-11-07,14330.41448476581,-0.015640251350448903
2025-11-10,14990.632575015165,0.04607110917490984
2025-11-11,14877.294443342691,-0.007560596999847293
2025-11-12,15068.346789524001,0.012841874368279582
2025-11-13,15658.620956607301,0.03917312066999139
2025-11-14,17615.191476492855,0.12495164965724259
2025-11-17,16871.54755724957,-0.042216056534819094
2025-11-18,16435.96604200971,-0.02581751992588827
2025-11-19,15940.062743926695,-0.030171837591748716
2025-11-20,18919.797304036565,0.18693367824070684
2025-11-21,18409.251384916613,-0.026984745709248487
2025-11-24,19189.677267145616,0.042393135164009804
2025-11-25,18885.473948646923,-0.015852445784459226
2025-11-26,18846.062341149598,-0.0020868741554748637
2025-11-28,18850.745847612554,0.00024851379445618043
2025-12-01,18669.71607147507,-0.009603321672304536
2025-12-02,17942.63684115272,-0.038944311072477276
2025-12-03,17948.05903784786,0.0003021962013244194
2025-12-04,19127.158465439912,0.0656950941104904
2025-12-05,19095.124459711606,-0.001674791673116947
2025-12-08,18643.660886122998,-0.023642871484872575
2025-12-09,18753.92519257218,0.005914305517713782
2025-12-10,18679.840538956843,-0.0039503545446944064
2025-12-11,17847.511408564216,-0.04455761432528303
2025-12-12,18494.84713795628,0.036270363669942005
2025-12-15,19030.7199573131,0.02897416860813453
2025-12-16,18154.117127183275,-0.04606251534866203
2025-12-17,18131.48484861632,-0.0012466747024047823
2025-12-18,17174.563954118606,-0.05277675284110776
2025-12-19,19924.19763073359,0.1600991841167297
2025-12-22,19463.32571081952,-0.02313126623494042
2025-12-23,19169.394160290067,-0.015101815326764034
2025-12-24,20027.3485116424,0.04475646669781617
2025-12-26,20157.98214414272,0.006522762233072211
2025-12-29,19135.484484579945,-0.05072420702882108
2025-12-30,19392.524455470473,0.013432634595568255
2025-12-31,18785.6303786873,-0.03129525906628285
2026-01-02,17957.9890379073,-0.044057150284345786
2026-01-05,18314.710798665114,0.019864237582772355
2026-01-06,17465.140684647933,-0.046387307086448976
2026-01-07,17106.44479283466,-0.020537818634840593
2026-01-08,16937.808706688098,-0.009858044040641287
2026-01-09,16963.47485459284,0.0015153169072341147
2026-01-12,17320.65495436712,0.021055833361734486
2026-01-13,17172.68350936294,-0.008543062915000817
2026-01-14,16234.514290288153,-0.05463148602041592
2026-01-15,16472.17058010919,0.014638952885902187
2026-01-16,16407.311016968422,-0.003937523766241636
2026-01-20,15424.61661974805,-0.0598936898437575
2026-01-21,15340.954653544555,-0.0054239251623526795
2026-01-22,15801.234732008455,0.030003353041497385
2026-01-23,15480.29017111455,-0.02031135960810518
2026-01-26,16220.746049849227,0.04783217049227742
2026-01-27,16124.51491397705,-0.005932596168908821
2026-01-28,16024.637785652398,-0.006194116775449593
2026-01-29,16603.752526268636,0.036139022195855644
2026-01-30,16595.224028219152,-0.0005136488294432996
2026-02-02,16450.530010102615,-0.008719015655979958
2026-02-03,15980.163745679489,-0.0285927726422349
2026-02-04,16537.705966648115,0.03488964380101347
2026-02-05,16701.04783861036,0.009876936516567585
2026-02-06,19121.125447731967,0.14490573480825222
2026-02-09,18970.299642831073,-0.00788791461638497
2026-02-10,18672.583907142212,-0.015693781400093393
2026-02-11,18935.92111899031,0.014102880091885473
2026-02-12,19166.575319275988,0.012180775301939681
2026-02-13,17546.845456199433,-0.08450804779128067
2026-02-17,17965.122688527623,0.023837745272920784
2026-02-18,17395.292674158725,-0.03171868204010578
2026-02-19,17138.439427549252,-0.014765675485934002
2026-02-20,17397.571914389933,0.01511995814648892
2026-02-23,17933.497835828904,0.030804638950547737
2026-02-24,18180.987750612177,0.013800426277623255
2026-02-25,18172.342249305453,-0.0004755242908313491
2026-02-26,17622.402809029558,-0.03026244128199337
2026-02-27,18122.49865389652,0.028378414129242215
2026-03-02,18921.26554565941,0.04407598019554262
2026-03-03,17888.21742698427,-0.054597199969646105
2026-03-04,18032.112072085434,0.008044101973184888
2026-03-05,17254.662119306995,-0.043114747161646635
2026-03-06,16296.53772139069,-0.05552843581006537
2026-03-09,16132.427688181693,-0.010070239213669735
2026-03-10,16121.770438254143,-0.0006606104260028343
2026-03-11,16155.57590693119,0.002096883143605115
2026-03-12,16332.25503552776,0.010936108351344507
2026-03-13,15758.683812064532,-0.035118924007464504
2026-03-16,15696.3983102942,-0.003952455834074587
2026-03-17,15654.760373411002,-0.002652706440043075
2026-03-18,15488.55865403603,-0.0106166888160907
2026-03-19,15972.006627431252,0.031213231921308954
2026-03-20,15521.476347484397,-0.0282074939270992
2026-03-23,14597.322827917516,-0.05954031039815746
2026-03-24,14569.89930917829,-0.001878667688761268
2026-03-25,14469.550883905697,-0.006887379462490812
2026-03-26,14574.222184676297,0.007233901149414761
2026-03-27,14302.529504534583,-0.018642002070434864
2026-03-30,15796.140648779021,0.10442985933158835
2026-03-31,16000.615893664704,0.012944633086784313
2026-04-01,15929.431090744461,-0.004448878930243376
2026-04-02,19097.187825430345,0.19886188757403012
2026-04-06,18927.540188700856,-0.00888338315987978
2026-04-07,18134.427884072844,-0.041902555573569686
2026-04-08,18694.19002335976,0.030867372429132088
2026-04-09,18468.019189094954,-0.012098455936426744
2026-04-10,18009.88436523748,-0.024806928082898798
2026-04-13,17969.805815478918,-0.0022253640804003895
2026-04-14,17822.63399691877,-0.008189950413007739
2026-04-15,18954.963668088178,0.06353323932731668
2026-04-16,19193.370609047226,0.012577546711968706
2026-04-17,18606.166632447206,-0.03059410400397452
2026-04-20,19147.558742511326,0.02909745573921647
2026-04-21,18809.431302284178,-0.01765903657871738
2026-04-22,18870.683456024257,0.0032564596321761788
2026-04-23,19270.705382176635,0.021198062438203602
2026-04-24,20518.973312879803,0.06477541459679437
2026-04-27,20419.37655505631,-0.004853886025621789
2026-04-28,19906.96546361272,-0.025094355357127972
2026-04-29,20296.629581696336,0.019574260014459246
2026-04-30,20380.53338541306,0.004133878651083389
2026-05-01,19904.3517882162,-0.02336453066226779
2026-05-04,19927.795682935233,0.0011778275910955553
2026-05-05,20200.873378378994,0.01370335684832437
2026-05-06,20207.71612830667,0.0003387353506704708
2026-05-07,20693.85766142894,0.02405722299519498
2026-05-08,22520.248739431638,0.08825764185122843
2026-05-11,23423.340903154167,0.04010134053898208
2026-05-12,21912.355711986984,-0.06450767195911475
2026-05-13,21379.188358629886,-0.02433181353775819
2026-05-14,21796.646154014863,0.019526363133260272
2026-05-15,21094.477087786818,-0.0322145462777405
2026-05-18,21854.241030217177,0.03601719726298616
2026-05-19,20357.451054590456,-0.06848968003771701
2026-05-20,20437.019079384412,0.0039085455532024554
2026-05-21,21310.360363540676,0.042733300818671535
2026-05-22,21060.62424210837,-0.011719000390982262
2026-05-26,21392.885517841416,0.015776421055399118
2026-05-27,21115.2088714889,-0.0129798594079764
2026-05-28,21683.69157613277,0.02692290225987155
2026-05-29,20343.716596805727,-0.06179644156172886
2026-06-01,21120.241503226684,0.0381702577661195
2026-06-02,22084.06252009526,0.04563494298686531
2026-06-03,23038.548740801612,0.04322059040712378
2026-06-04,22499.2079594359,-0.023410362667963213
2026-06-05,23508.825547609944,0.0448734724348651
2026-06-08,22912.456545578243,-0.025367877303097787
2026-06-09,24272.66815833967,0.05936559487000657
2026-06-10,23242.94017034109,-0.04242335376075175
2026-06-11,24200.588746852944,0.04120169692360384
2026-06-12,23826.700562711194,-0.015449549101997391
2026-06-15,22908.764198085802,-0.03852553408347113
