trades,sessions,win_rate,avg_r,expectancy_usd,total_usd,profit_factor,max_dd_usd,t_stat_r,leg,filter,split,config
514,516.0,0.4591439688715953,0.0010339168595105007,-34.43093385214008,-17697.5,0.9188681191477657,-48325.0,0.021998949197586676,ES,(none),full,OR15m/cut1100/exit1100/TE/both/follow
330,332.0,0.4727272727272727,0.042100782349460894,14.772727272727273,4875.0,1.038679731820526,-26102.5,0.7031540726913824,ES,(none),IS,OR15m/cut1100/exit1100/TE/both/follow
184,184.0,0.43478260869565216,-0.07261861363877009,-122.67663043478261,-22572.5,0.7549064849751622,-40755.0,-0.9625197971318042,ES,(none),OOS,OR15m/cut1100/exit1100/TE/both/follow
135,136.0,0.42962962962962964,-0.07059575935779473,-47.407407407407405,-6400.0,0.8348600180621856,-9175.0,-0.7639425339280623,ES,or_width_rel_narrow,full,OR15m/cut1100/exit1100/TE/both/follow
75,76.0,0.4266666666666667,-0.057126496076740994,-27.333333333333332,-2050.0,0.8900509519978547,-5635.0,-0.4617517580506885,ES,or_width_rel_narrow,IS,OR15m/cut1100/exit1100/TE/both/follow
60,60.0,0.43333333333333335,-0.08743233845911194,-72.5,-4350.0,0.783689706613625,-6840.0,-0.6239837924135866,ES,or_width_rel_narrow,OOS,OR15m/cut1100/exit1100/TE/both/follow
166,166.0,0.40963855421686746,0.009675440743910482,-7.168674698795181,-1190.0,0.9819478155339806,-13945.0,0.10897027097076184,ES,or_width_rel_typical,full,OR15m/cut1100/exit1100/TE/both/follow
98,98.0,0.40816326530612246,0.014934490824037756,5.408163265306122,530.0,1.0152869916354197,-10697.5,0.12665559584457692,ES,or_width_rel_typical,IS,OR15m/cut1100/exit1100/TE/both/follow
68,68.0,0.4117647058823529,0.0020962215107858573,-25.294117647058822,-1720.0,0.94496,-9622.5,0.015460362723670814,ES,or_width_rel_typical,OOS,OR15m/cut1100/exit1100/TE/both/follow
154,154.0,0.5,-0.011301307019606355,-94.87012987012987,-14610.0,0.8533390217582252,-33625.0,-0.14875004628141852,ES,or_width_rel_wide,full,OR15m/cut1100/exit1100/TE/both/follow
98,98.0,0.5204081632653061,0.06651047330307185,19.31122448979592,1892.5,1.032141644021739,-16775.0,0.6595332332071198,ES,or_width_rel_wide,IS,OR15m/cut1100/exit1100/TE/both/follow
56,56.0,0.4642857142857143,-0.14747192258429326,-294.6875,-16502.5,0.5949064130101258,-30225.0,-1.3329409088824955,ES,or_width_rel_wide,OOS,OR15m/cut1100/exit1100/TE/both/follow
160,161.0,0.425,-0.06139641345709117,-45.703125,-7312.5,0.8679577464788732,-13300.0,-0.7560662473352715,ES,or_volume_rel_quiet,full,OR15m/cut1100/exit1100/TE/both/follow
90,91.0,0.4444444444444444,-0.03637052363413796,-12.5,-1125.0,0.9624687239366139,-5990.0,-0.33058100083949704,ES,or_volume_rel_quiet,IS,OR15m/cut1100/exit1100/TE/both/follow
70,70.0,0.4,-0.09357255751517383,-88.39285714285714,-6187.5,0.7564455815784294,-11375.0,-0.7735624716928992,ES,or_volume_rel_quiet,OOS,OR15m/cut1100/exit1100/TE/both/follow
213,213.0,0.43661971830985913,-0.000424778565683237,-76.56103286384976,-16307.5,0.8434417376695068,-29777.5,-0.005493670083841956,ES,or_volume_rel_normal,full,OR15m/cut1100/exit1100/TE/both/follow
119,119.0,0.42857142857142855,0.030930927781865673,-49.87394957983193,-5935.0,0.8819375372985876,-13802.5,0.29031229641318906,ES,or_volume_rel_normal,IS,OR15m/cut1100/exit1100/TE/both/follow
94,94.0,0.44680851063829785,-0.040119768516303625,-110.34574468085107,-10372.5,0.8075335157953333,-29777.5,-0.35716042330450143,ES,or_volume_rel_normal,OOS,OR15m/cut1100/exit1100/TE/both/follow
82,82.0,0.5121951219512195,0.0030390043511290565,17.317073170731707,1420.0,1.031731843575419,-19265.0,0.02986104197842828,ES,or_volume_rel_busy,full,OR15m/cut1100/exit1100/TE/both/follow
62,62.0,0.5161290322580645,0.0530594516085737,119.87903225806451,7432.5,1.2326291079812206,-12215.0,0.4294692149530056,ES,or_volume_rel_busy,IS,OR15m/cut1100/exit1100/TE/both/follow
20,20.0,0.5,-0.1520243821469494,-300.625,-6012.5,0.5302734375,-8257.5,-0.9175929381215668,ES,or_volume_rel_busy,OOS,OR15m/cut1100/exit1100/TE/both/follow
163,164.0,0.44171779141104295,-0.043569401794161196,-107.4079754601227,-17507.5,0.7650473059115614,-30307.5,-0.558431324990835,ES,gap_up_gt_0.25pct,full,OR15m/cut1100/exit1100/TE/both/follow
103,104.0,0.46601941747572817,-0.043665331816377176,-65.60679611650485,-6757.5,0.8384822228861667,-14590.0,-0.4678840316784476,ES,gap_up_gt_0.25pct,IS,OR15m/cut1100/exit1100/TE/both/follow
60,60.0,0.4,-0.04340472192269044,-179.16666666666666,-10750.0,0.6710274653813786,-20135.0,-0.31036036637296116,ES,gap_up_gt_0.25pct,OOS,OR15m/cut1100/exit1100/TE/both/follow
120,120.0,0.5083333333333333,0.0257772578724897,26.041666666666668,3125.0,1.0499820064776682,-16342.5,0.2744954716756077,ES,gap_dn_lt_-0.25pct,full,OR15m/cut1100/exit1100/TE/both/follow
71,71.0,0.5211267605633803,0.125859802287925,140.1056338028169,9947.5,1.2706066376496192,-12580.0,0.9627312672670029,ES,gap_dn_lt_-0.25pct,IS,OR15m/cut1100/exit1100/TE/both/follow
49,49.0,0.4897959183673469,-0.11924030648456961,-139.23469387755102,-6822.5,0.7351770984958758,-8105.0,-0.9230738307203888,ES,gap_dn_lt_-0.25pct,OOS,OR15m/cut1100/exit1100/TE/both/follow
151,151.0,0.46357615894039733,0.03153165850647538,6.19205298013245,935.0,1.019792548687553,-8805.0,0.35695559606282007,ES,gap_small_lt_0.15pct,full,OR15m/cut1100/exit1100/TE/both/follow
108,108.0,0.49074074074074076,0.10225706086826492,53.1712962962963,5742.5,1.2042685638061361,-4315.0,0.9684369059952583,ES,gap_small_lt_0.15pct,IS,OR15m/cut1100/exit1100/TE/both/follow
43,43.0,0.3953488372093023,-0.1461042357975542,-111.80232558139535,-4807.5,0.7486603058423735,-8805.0,-0.9154459326803059,ES,gap_small_lt_0.15pct,OOS,OR15m/cut1100/exit1100/TE/both/follow
338,340.0,0.45857988165680474,0.00638240342878882,-28.16568047337278,-9520.0,0.9187418645840002,-18055.0,0.1093076049024591,ES,above_sma20,full,OR15m/cut1100/exit1100/TE/both/follow
231,233.0,0.46320346320346323,0.03095362579827077,-13.971861471861471,-3227.5,0.9558315371719868,-13607.5,0.43140100214404636,ES,above_sma20,IS,OR15m/cut1100/exit1100/TE/both/follow
107,107.0,0.4485981308411215,-0.04666388037822362,-58.808411214953274,-6292.5,0.8572643756379721,-17217.5,-0.4646881901069118,ES,above_sma20,OOS,OR15m/cut1100/exit1100/TE/both/follow
176,176.0,0.4602272727272727,-0.00923760848376266,-46.46306818181818,-8177.5,0.9190146075761327,-31147.5,-0.11637534553765258,ES,below_sma20,full,OR15m/cut1100/exit1100/TE/both/follow
99,99.0,0.494949494949495,0.06811081430223781,81.84343434343434,8102.5,1.1529856030210055,-13485.0,0.6239981681997812,ES,below_sma20,IS,OR15m/cut1100/exit1100/TE/both/follow
77,77.0,0.4155844155844156,-0.10868558063719183,-211.42857142857142,-16280.0,0.6609216349908877,-25937.5,-0.946763126811717,ES,below_sma20,OOS,OR15m/cut1100/exit1100/TE/both/follow
433,435.0,0.45496535796766746,0.015990434829552834,-20.744803695150114,-8982.5,0.9468144946414826,-32775.0,0.3029756900101078,ES,or_lt_0.4_atr,full,OR15m/cut1100/exit1100/TE/both/follow
278,280.0,0.4712230215827338,0.06030494229113804,18.138489208633093,5042.5,1.0525849258284017,-19657.5,0.905704545854159,ES,or_lt_0.4_atr,IS,OR15m/cut1100/exit1100/TE/both/follow
155,155.0,0.4258064516129032,-0.06348977855316129,-90.48387096774194,-14025.0,0.8078701325387856,-25702.5,-0.7349634928794665,ES,or_lt_0.4_atr,OOS,OR15m/cut1100/exit1100/TE/both/follow
2,2.0,0.5,-0.3082981096630269,-802.5,-1605.0,0.08416547788873038,-1752.5,-0.8135442243789844,ES,or_gt_0.7_atr,full,OR15m/cut1100/exit1100/TE/both/follow
2,2.0,0.5,-0.3082981096630269,-802.5,-1605.0,0.08416547788873038,-1752.5,-0.8135442243789844,ES,or_gt_0.7_atr,IS,OR15m/cut1100/exit1100/TE/both/follow
0,,,,,0.0,,,,ES,or_gt_0.7_atr,OOS,OR15m/cut1100/exit1100/TE/both/follow
103,104.0,0.4563106796116505,-0.029599974250714294,21.893203883495147,2255.0,1.0577982827117776,-10287.5,-0.31481260086605933,ES,dow_Mon,full,OR15m/cut1100/exit1100/TE/both/follow
66,67.0,0.45454545454545453,0.02671565414566331,90.3030303030303,5960.0,1.2744646557679025,-6340.0,0.22123229344088444,ES,dow_Mon,IS,OR15m/cut1100/exit1100/TE/both/follow
37,37.0,0.4594594594594595,-0.1300548789577662,-100.13513513513513,-3705.0,0.7858381502890174,-10287.5,-0.8704277545605399,ES,dow_Mon,OOS,OR15m/cut1100/exit1100/TE/both/follow
105,105.0,0.4857142857142857,0.02488407732578538,-21.785714285714285,-2287.5,0.9465974086611416,-12927.5,0.2343709457297278,ES,dow_Tue,full,OR15m/cut1100/exit1100/TE/both/follow
68,68.0,0.4264705882352941,-0.07682701218885268,-64.63235294117646,-4395.0,0.8465165007857517,-10745.0,-0.5588356131902252,ES,dow_Tue,IS,OR15m/cut1100/exit1100/TE/both/follow
37,37.0,0.5945945945945946,0.21181256616349856,56.95945945945946,2107.5,1.1484154929577466,-5435.0,1.306761768728615,ES,dow_Tue,OOS,OR15m/cut1100/exit1100/TE/both/follow
103,103.0,0.4854368932038835,0.013749985066761715,-67.66990291262135,-6970.0,0.8382173736435908,-13990.0,0.1355863102349754,ES,dow_Wed,full,OR15m/cut1100/exit1100/TE/both/follow
66,66.0,0.5,0.051980422016373935,-53.25757575757576,-3515.0,0.8607645078233314,-10015.0,0.41441811160269654,ES,dow_Wed,IS,OR15m/cut1100/exit1100/TE/both/follow
37,37.0,0.4594594594594595,-0.05444484841092493,-93.37837837837837,-3455.0,0.8063069376313945,-10400.0,-0.3130680255462777,ES,dow_Wed,OOS,OR15m/cut1100/exit1100/TE/both/follow
102,102.0,0.43137254901960786,0.012556488380909748,1.053921568627451,107.5,1.0024694193992993,-10660.0,0.11354062452242643,ES,dow_Thu,full,OR15m/cut1100/exit1100/TE/both/follow
65,65.0,0.47692307692307695,0.04719868996400953,64.42307692307692,4187.5,1.1831802274715661,-4717.5,0.3526878497738663,ES,dow_Thu,IS,OR15m/cut1100/exit1100/TE/both/follow
37,37.0,0.35135135135135137,-0.048301433319130394,-110.27027027027027,-4080.0,0.8026363526423993,-10660.0,-0.24617692152728693,ES,dow_Thu,OOS,OR15m/cut1100/exit1100/TE/both/follow
101,102.0,0.43564356435643564,-0.01712482952796784,-106.95544554455445,-10802.5,0.7825036492676297,-16477.5,-0.14968540766566754,ES,dow_Fri,full,OR15m/cut1100/exit1100/TE/both/follow
65,66.0,0.5076923076923077,0.1670098327662923,40.57692307692308,2637.5,1.095630891950689,-7685.0,1.0962470727882505,ES,dow_Fri,IS,OR15m/cut1100/exit1100/TE/both/follow
36,36.0,0.3055555555555556,-0.34959019200371516,-373.3333333333333,-13440.0,0.39151103565365025,-13912.5,-2.286269858134487,ES,dow_Fri,OOS,OR15m/cut1100/exit1100/TE/both/follow
514,516.0,0.3715953307392996,0.007427327687854136,-32.704280155642024,-16810.0,0.94291923462198,-57612.5,0.10928303112902604,ES,(none),full,OR15m/cut1100/exit1559/TE/both/follow
330,332.0,0.37272727272727274,0.03226520671498973,8.712121212121213,2875.0,1.016337083759518,-44370.0,0.3763517335879607,ES,(none),IS,OR15m/cut1100/exit1559/TE/both/follow
184,184.0,0.3695652173913043,-0.037118868393421656,-106.9836956521739,-19685.0,0.8339028814917943,-34420.0,-0.3325811794134434,ES,(none),OOS,OR15m/cut1100/exit1559/TE/both/follow
135,136.0,0.28888888888888886,-0.1502426381207505,-93.70370370370371,-12650.0,0.7648808140885647,-14440.0,-1.136583833315066,ES,or_width_rel_narrow,full,OR15m/cut1100/exit1559/TE/both/follow
75,76.0,0.25333333333333335,-0.24853392339978014,-144.5,-10837.5,0.6164056278205469,-14440.0,-1.4387215657104142,ES,or_width_rel_narrow,IS,OR15m/cut1100/exit1559/TE/both/follow
60,60.0,0.3333333333333333,-0.027378531521963404,-30.208333333333332,-1812.5,0.9290606653620352,-6640.0,-0.1335178643063891,ES,or_width_rel_narrow,OOS,OR15m/cut1100/exit1559/TE/both/follow
166,166.0,0.39156626506024095,0.10104280264817697,71.67168674698796,11897.5,1.1392293964483193,-12305.0,0.7889060401017526,ES,or_width_rel_typical,full,OR15m/cut1100/exit1559/TE/both/follow
98,98.0,0.3877551020408163,0.12036208963718982,107.5765306122449,10542.5,1.236777091521617,-11952.5,0.7407212397232643,ES,or_width_rel_typical,IS,OR15m/cut1100/exit1559/TE/both/follow
68,68.0,0.39705882352941174,0.07320030081107028,19.926470588235293,1355.0,1.0331073239264552,-6907.5,0.3509291097579737,ES,or_width_rel_typical,OOS,OR15m/cut1100/exit1559/TE/both/follow
154,154.0,0.4025974025974026,-0.03836544059593765,-115.56818181818181,-17797.5,0.8643405682489471,-48090.0,-0.36482153215519625,ES,or_width_rel_wide,full,OR15m/cut1100/exit1559/TE/both/follow
98,98.0,0.41836734693877553,0.043433698943369,14.591836734693878,1430.0,1.0180658202261386,-30835.0,0.3085068788631486,ES,or_width_rel_wide,IS,OR15m/cut1100/exit1559/TE/both/follow
56,56.0,0.375,-0.1815139347897243,-343.3482142857143,-19227.5,0.6305068460245016,-27405.0,-1.2009998390066012,ES,or_width_rel_wide,OOS,OR15m/cut1100/exit1559/TE/both/follow
160,161.0,0.3875,0.013756751181194238,23.984375,3837.5,1.0552197999856106,-12955.0,0.11502552098433691,ES,or_volume_rel_quiet,full,OR15m/cut1100/exit1559/TE/both/follow
90,91.0,0.36666666666666664,-0.00047269576136885265,38.05555555555556,3425.0,1.0890651410739827,-11715.0,-0.0028915266395804504,ES,or_volume_rel_quiet,IS,OR15m/cut1100/exit1559/TE/both/follow
70,70.0,0.4142857142857143,0.0320517543930611,5.892857142857143,412.5,1.0132893041237114,-9915.0,0.18201299598989049,ES,or_volume_rel_quiet,OOS,OR15m/cut1100/exit1559/TE/both/follow
213,213.0,0.3474178403755869,0.008032830925603177,-61.478873239436616,-13095.0,0.9008874340101043,-26377.5,0.0729718608542921,ES,or_volume_rel_normal,full,OR15m/cut1100/exit1559/TE/both/follow
119,119.0,0.35294117647058826,0.030865359846806724,-21.30252100840336,-2535.0,0.9584545417298316,-15100.0,0.21518058860503433,ES,or_volume_rel_normal,IS,OR15m/cut1100/exit1559/TE/both/follow
94,94.0,0.3404255319148936,-0.020872179091665194,-112.34042553191489,-10560.0,0.8514872371844455,-26377.5,-0.12146291594091665,ES,or_volume_rel_normal,OOS,OR15m/cut1100/exit1559/TE/both/follow
82,82.0,0.36585365853658536,-0.16256099920271824,-113.32317073170732,-9292.5,0.8649934621531309,-35480.0,-1.2213289861853445,ES,or_volume_rel_busy,full,OR15m/cut1100/exit1559/TE/both/follow
62,62.0,0.3709677419354839,-0.10029826092476708,3.9516129032258065,245.0,1.0046702249332824,-26525.0,-0.5947456279143787,ES,or_volume_rel_busy,IS,OR15m/cut1100/exit1559/TE/both/follow
20,20.0,0.35,-0.3555754878643667,-476.875,-9537.5,0.4173793524740379,-10995.0,-2.2944844286004544,ES,or_volume_rel_busy,OOS,OR15m/cut1100/exit1559/TE/both/follow
163,164.0,0.37423312883435583,-0.0444516635301,-68.6042944785276,-11182.5,0.885328274412285,-29175.0,-0.3781572266695188,ES,gap_up_gt_0.25pct,full,OR15m/cut1100/exit1559/TE/both/follow
103,104.0,0.3786407766990291,-0.11206136924715723,-59.90291262135922,-6170.0,0.8902086391743405,-17650.0,-0.8719767896698367,ES,gap_up_gt_0.25pct,IS,OR15m/cut1100/exit1559/TE/both/follow
60,60.0,0.36666666666666664,0.07161166461751498,-83.54166666666667,-5012.5,0.878690706679574,-19290.0,0.30904879017648923,ES,gap_up_gt_0.25pct,OOS,OR15m/cut1100/exit1559/TE/both/follow
120,120.0,0.35,-0.027568660748129803,-39.0625,-4687.5,0.9480580641586791,-30622.5,-0.20141346866122786,ES,gap_dn_lt_-0.25pct,full,OR15m/cut1100/exit1559/TE/both/follow
71,71.0,0.38028169014084506,0.048794989254007444,52.07746478873239,3697.5,1.0711433931406031,-21582.5,0.2795570736745417,ES,gap_dn_lt_-0.25pct,IS,OR15m/cut1100/exit1559/TE/both/follow
49,49.0,0.30612244897959184,-0.13821803115938988,-171.12244897959184,-8385.0,0.7809131883205958,-10662.5,-0.6247842321253032,ES,gap_dn_lt_-0.25pct,OOS,OR15m/cut1100/exit1559/TE/both/follow
151,151.0,0.3576158940397351,0.04982512596745665,-10.447019867549669,-1577.5,0.9773851336821733,-9945.0,0.37459667258577,ES,gap_small_lt_0.15pct,full,OR15m/cut1100/exit1559/TE/both/follow
108,108.0,0.3611111111111111,0.11518972283745998,42.291666666666664,4567.5,1.0994881289479417,-9360.0,0.6887990736171036,ES,gap_small_lt_0.15pct,IS,OR15m/cut1100/exit1559/TE/both/follow
43,43.0,0.3488372093023256,-0.11434641965952837,-142.90697674418604,-6145.0,0.7422939819668694,-9945.0,-0.5577326592080566,ES,gap_small_lt_0.15pct,OOS,OR15m/cut1100/exit1559/TE/both/follow
338,340.0,0.3727810650887574,0.07095052157916347,2.048816568047337,692.5,1.00431450733622,-27937.5,0.7950070868359055,ES,above_sma20,full,OR15m/cut1100/exit1559/TE/both/follow
231,233.0,0.3593073593073593,0.025677219315666213,-41.13636363636363,-9502.5,0.9096892225812583,-27937.5,0.24589827361649508,ES,above_sma20,IS,OR15m/cut1100/exit1559/TE/both/follow
107,107.0,0.40186915887850466,0.1686900806713864,95.2803738317757,10195.0,1.184408067287691,-15237.5,0.994391940869119,ES,above_sma20,OOS,OR15m/cut1100/exit1559/TE/both/follow
176,176.0,0.3693181818181818,-0.11456607876250123,-99.44602272727273,-17502.5,0.8693745801925516,-47040.0,-1.1479547546995228,ES,below_sma20,full,OR15m/cut1100/exit1559/TE/both/follow
99,99.0,0.40404040404040403,0.04763717731341128,125.02525252525253,12377.5,1.1749222724703223,-17040.0,0.3173478508652575,ES,below_sma20,IS,OR15m/cut1100/exit1559/TE/both/follow
77,77.0,0.3246753246753247,-0.3231131222886745,-388.05194805194805,-29880.0,0.5274395065633402,-34702.5,-2.726272552796076,ES,below_sma20,OOS,OR15m/cut1100/exit1559/TE/both/follow
433,435.0,0.3695150115473441,0.02470263348359099,-33.10046189376443,-14332.5,0.9362525435602059,-42550.0,0.3255797659724504,ES,or_lt_0.4_atr,full,OR15m/cut1100/exit1559/TE/both/follow
278,280.0,0.37410071942446044,0.05223927163797577,-9.469424460431656,-2632.5,0.980170985236517,-33715.0,0.5488316414576957,ES,or_lt_0.4_atr,IS,OR15m/cut1100/exit1559/TE/both/follow
155,155.0,0.36129032258064514,-0.02468565946427331,-75.48387096774194,-11700.0,0.8729262266148958,-22055.0,-0.1960170384742936,ES,or_lt_0.4_atr,OOS,OR15m/cut1100/exit1559/TE/both/follow
2,2.0,0.5,-0.4316836914406481,-1133.75,-2267.5,0.11598440545808966,-2565.0,-0.7518019814127535,ES,or_gt_0.7_atr,full,OR15m/cut1100/exit1559/TE/both/follow
2,2.0,0.5,-0.4316836914406481,-1133.75,-2267.5,0.11598440545808966,-2565.0,-0.7518019814127535,ES,or_gt_0.7_atr,IS,OR15m/cut1100/exit1559/TE/both/follow
0,,,,,0.0,,,,ES,or_gt_0.7_atr,OOS,OR15m/cut1100/exit1559/TE/both/follow
103,104.0,0.4368932038834951,0.052967801277925136,138.15533980582524,14230.0,1.2850560897435896,-10617.5,0.37053711235736,ES,dow_Mon,full,OR15m/cut1100/exit1559/TE/both/follow
66,67.0,0.4090909090909091,0.044076399688165804,145.9848484848485,9635.0,1.3189341277722608,-10617.5,0.24442365096672586,ES,dow_Mon,IS,OR15m/cut1100/exit1559/TE/both/follow
37,37.0,0.4864864864864865,0.06882813924884723,124.1891891891892,4595.0,1.2331303906646371,-7047.5,0.2897398257395391,ES,dow_Mon,OOS,OR15m/cut1100/exit1559/TE/both/follow
105,105.0,0.37142857142857144,0.060027317956735514,-71.9047619047619,-7550.0,0.8756485217820967,-22860.0,0.36892360484283515,ES,dow_Tue,full,OR15m/cut1100/exit1559/TE/both/follow
68,68.0,0.3235294117647059,-0.029284386000956335,-98.08823529411765,-6670.0,0.8241381583283897,-16192.5,-0.14018325355751138,ES,dow_Tue,IS,OR15m/cut1100/exit1559/TE/both/follow
37,37.0,0.4594594594594595,0.2241677468519529,-23.783783783783782,-880.0,0.9613823368074602,-11750.0,0.8684974247387018,ES,dow_Tue,OOS,OR15m/cut1100/exit1559/TE/both/follow
103,103.0,0.3592233009708738,-0.045191399016682086,-140.97087378640776,-14520.0,0.7584629460201281,-18310.0,-0.3308107785451566,ES,dow_Wed,full,OR15m/cut1100/exit1559/TE/both/follow
66,66.0,0.3939393939393939,0.04161295140629021,-80.15151515151516,-5290.0,0.858271935699933,-16175.0,0.22796149572158805,ES,dow_Wed,IS,OR15m/cut1100/exit1559/TE/both/follow
37,37.0,0.2972972972972973,-0.20003159166306514,-249.45945945945945,-9230.0,0.5949978060552874,-10237.5,-1.0150947816389941,ES,dow_Wed,OOS,OR15m/cut1100/exit1559/TE/both/follow
102,102.0,0.3627450980392157,0.06117466426799014,14.166666666666666,1445.0,1.024822847326605,-12975.0,0.3680698412759659,ES,dow_Thu,full,OR15m/cut1100/exit1559/TE/both/follow
65,65.0,0.38461538461538464,0.09354304659190633,105.38461538461539,6850.0,1.2185879537295572,-7570.0,0.5014396495364639,ES,dow_Thu,IS,OR15m/cut1100/exit1559/TE/both/follow
37,37.0,0.32432432432432434,0.004311289915164568,-146.0810810810811,-5405.0,0.7988837209302325,-11062.5,0.013316262331888378,ES,dow_Thu,OOS,OR15m/cut1100/exit1559/TE/both/follow
101,102.0,0.32673267326732675,-0.09431690239745771,-103.11881188118812,-10415.0,0.841071224201732,-16295.0,-0.6230783654919806,ES,dow_Fri,full,OR15m/cut1100/exit1559/TE/both/follow
65,66.0,0.35384615384615387,0.013893250204671416,-25.384615384615383,-1650.0,0.9578866768759571,-11587.5,0.06844705857838249,ES,dow_Fri,IS,OR15m/cut1100/exit1559/TE/both/follow
36,36.0,0.2777777777777778,-0.2896963445957464,-243.47222222222223,-8765.0,0.6673939853903804,-11430.0,-1.3514175057691427,ES,dow_Fri,OOS,OR15m/cut1100/exit1559/TE/both/follow
491,516.0,0.5030549898167006,0.01517385149249619,-9.34826883910387,-4590.0,0.9728599092373871,-25077.5,0.44487737230241153,ES,(none),full,OR30m/cut1100/exit1100/TE/both/follow
316,332.0,0.5126582278481012,0.05115872632994019,34.960443037974684,11047.5,1.112574514699139,-11590.0,1.1562070012074694,ES,(none),IS,OR30m/cut1100/exit1100/TE/both/follow
175,184.0,0.4857142857142857,-0.049804551071116976,-89.35714285714286,-15637.5,0.7797147385103012,-24935.0,-0.9490227844105692,ES,(none),OOS,OR30m/cut1100/exit1100/TE/both/follow
135,140.0,0.5037037037037037,-0.0262258096319938,-17.87037037037037,-2412.5,0.9217165571509695,-6852.5,-0.3868036555921405,ES,or_width_rel_narrow,full,OR30m/cut1100/exit1100/TE/both/follow
82,84.0,0.45121951219512196,-0.08404326016954258,-42.28658536585366,-3467.5,0.8054698457223002,-3980.0,-1.0407363537840237,ES,or_width_rel_narrow,IS,OR30m/cut1100/exit1100/TE/both/follow
53,56.0,0.5849056603773585,0.06322760440723256,19.90566037735849,1055.0,1.0812006927073312,-4870.0,0.5305045623797696,ES,or_width_rel_narrow,OOS,OR30m/cut1100/exit1100/TE/both/follow
156,161.0,0.4935897435897436,0.031585462703103535,-11.073717948717949,-1727.5,0.9687032927215906,-19610.0,0.48249959667731274,ES,or_width_rel_typical,full,OR30m/cut1100/exit1100/TE/both/follow
89,92.0,0.5617977528089888,0.2010199453462693,167.58426966292134,14915.0,1.653521743893088,-6477.5,2.083565175489819,ES,or_width_rel_typical,IS,OR30m/cut1100/exit1100/TE/both/follow
67,69.0,0.40298507462686567,-0.19348422319602707,-248.3955223880597,-16642.5,0.4859459459459459,-16642.5,-2.585298993957092,ES,or_width_rel_typical,OOS,OR30m/cut1100/exit1100/TE/both/follow
143,155.0,0.5104895104895105,-0.004059654950914238,-23.216783216783217,-3320.0,0.953590774069544,-13887.5,-0.07855666794300471,ES,or_width_rel_wide,full,OR30m/cut1100/exit1100/TE/both/follow
88,96.0,0.5227272727272727,-0.016785387966883517,-37.15909090909091,-3270.0,0.9287853215005172,-13505.0,-0.24294698295788344,ES,or_width_rel_wide,IS,OR30m/cut1100/exit1100/TE/both/follow
55,59.0,0.4909090909090909,0.016301517874636608,-0.9090909090909091,-50.0,0.998048399687744,-12082.5,0.21148428690127977,ES,or_width_rel_wide,OOS,OR30m/cut1100/exit1100/TE/both/follow
156,163.0,0.5512820512820513,0.025683288192362416,3.9903846153846154,622.5,1.0151413803587717,-7660.0,0.4241742211216169,ES,or_volume_rel_quiet,full,OR30m/cut1100/exit1100/TE/both/follow
95,99.0,0.5473684210526316,0.035452566159989575,37.76315789473684,3587.5,1.1591261920603237,-6312.5,0.49027634310811485,ES,or_volume_rel_quiet,IS,OR30m/cut1100/exit1100/TE/both/follow
61,64.0,0.5573770491803278,0.01046883889851687,-48.60655737704918,-2965.0,0.8403123737713747,-6292.5,0.09780802700233386,ES,or_volume_rel_quiet,OOS,OR30m/cut1100/exit1100/TE/both/follow
195,207.0,0.4717948717948718,-0.027099030954784664,-68.46153846153847,-13350.0,0.8404922635760799,-17442.5,-0.49706307126452876,ES,or_volume_rel_normal,full,OR30m/cut1100/exit1100/TE/both/follow
98,105.0,0.46938775510204084,0.02175699032199458,-36.55612244897959,-3582.5,0.9070807936713785,-11132.5,0.24734451618304631,ES,or_volume_rel_normal,IS,OR30m/cut1100/exit1100/TE/both/follow
97,102.0,0.4742268041237113,-0.07645872255400495,-100.69587628865979,-9767.5,0.7836176340274701,-17442.5,-1.1903619517027275,ES,or_volume_rel_normal,OOS,OR30m/cut1100/exit1100/TE/both/follow
83,86.0,0.4819277108433735,0.02510885905492448,63.463855421686745,5267.5,1.160864254084593,-7352.5,0.32804691325027224,ES,or_volume_rel_busy,full,OR30m/cut1100/exit1100/TE/both/follow
66,68.0,0.5303030303030303,0.06093840642538261,123.82575757575758,8172.5,1.3209306891812291,-5132.5,0.6624256172021343,ES,or_volume_rel_busy,IS,OR30m/cut1100/exit1100/TE/both/follow
17,18.0,0.29411764705882354,-0.11399408955979526,-170.88235294117646,-2905.0,0.6009615384615384,-5197.5,-1.0586137518587986,ES,or_volume_rel_busy,OOS,OR30m/cut1100/exit1100/TE/both/follow
154,164.0,0.551948051948052,0.06397934859151497,-5.340909090909091,-822.5,0.9849901911583557,-13075.0,1.0940425959743951,ES,gap_up_gt_0.25pct,full,OR30m/cut1100/exit1100/TE/both/follow
98,104.0,0.5510204081632653,0.09398944526444616,22.627551020408163,2217.5,1.0714228198727755,-6847.5,1.20971703802082,ES,gap_up_gt_0.25pct,IS,OR30m/cut1100/exit1100/TE/both/follow
56,60.0,0.5535714285714286,0.011461679413885385,-54.285714285714285,-3040.0,0.872,-8192.5,0.1327715617064777,ES,gap_up_gt_0.25pct,OOS,OR30m/cut1100/exit1100/TE/both/follow
117,120.0,0.5470085470085471,0.007196310554155325,14.914529914529915,1745.0,1.0371217358932086,-16522.5,0.11929126305803948,ES,gap_dn_lt_-0.25pct,full,OR30m/cut1100/exit1100/TE/both/follow
68,71.0,0.6176470588235294,0.1203527082298543,171.21323529411765,11642.5,1.4563002155594749,-6887.5,1.413218123246831,ES,gap_dn_lt_-0.25pct,IS,OR30m/cut1100/exit1100/TE/both/follow
49,49.0,0.4489795918367347,-0.1498370576488555,-201.98979591836735,-9897.5,0.5394905199488194,-10502.5,-1.9237162412594626,ES,gap_dn_lt_-0.25pct,OOS,OR30m/cut1100/exit1100/TE/both/follow
145,151.0,0.4413793103448276,-0.009581599961863961,-30.086206896551722,-4362.5,0.8933765122815593,-10992.5,-0.14121716608488752,ES,gap_small_lt_0.15pct,full,OR30m/cut1100/exit1100/TE/both/follow
103,108.0,0.46601941747572817,0.055361955577411595,23.71359223300971,2442.5,1.0989868287740627,-6352.5,0.6748019214798736,ES,gap_small_lt_0.15pct,IS,OR30m/cut1100/exit1100/TE/both/follow
42,43.0,0.38095238095238093,-0.16884793854627783,-162.02380952380952,-6805.0,0.5809729064039408,-8942.5,-1.432927953771325,ES,gap_small_lt_0.15pct,OOS,OR30m/cut1100/exit1100/TE/both/follow
320,340.0,0.521875,0.0450680786926522,26.015625,8325.0,1.0982938780329417,-12725.0,1.028951105759727,ES,above_sma20,full,OR30m/cut1100/exit1100/TE/both/follow
220,233.0,0.5227272727272727,0.07948641674652053,55.79545454545455,12275.0,1.2327014218009478,-8707.5,1.4457094834007913,ES,above_sma20,IS,OR30m/cut1100/exit1100/TE/both/follow
100,107.0,0.52,-0.03065226502585817,-39.5,-3950.0,0.8763499765221474,-9810.0,-0.43411496170063646,ES,above_sma20,OOS,OR30m/cut1100/exit1100/TE/both/follow
171,176.0,0.4678362573099415,-0.04076856198147998,-75.52631578947368,-12915.0,0.8470285155902993,-24162.5,-0.7618940645084242,ES,below_sma20,full,OR30m/cut1100/exit1100/TE/both/follow
96,99.0,0.4895833333333333,-0.013758897541389828,-12.786458333333334,-1227.5,0.9729536190371268,-11997.5,-0.18837252228504214,ES,below_sma20,IS,OR30m/cut1100/exit1100/TE/both/follow
75,77.0,0.44,-0.07534093246479537,-155.83333333333334,-11687.5,0.7006467311263367,-19317.5,-0.9566848435169951,ES,below_sma20,OOS,OR30m/cut1100/exit1100/TE/both/follow
328,341.0,0.524390243902439,0.03657422780400807,1.1204268292682926,367.5,1.0036758270610888,-16605.0,0.8117435213354306,ES,or_lt_0.4_atr,full,OR30m/cut1100/exit1100/TE/both/follow
217,226.0,0.5253456221198156,0.07257071824839068,34.366359447004605,7457.5,1.1235298989564353,-10670.0,1.2727880762030253,ES,or_lt_0.4_atr,IS,OR30m/cut1100/exit1100/TE/both/follow
111,115.0,0.5225225225225225,-0.03379728955122638,-63.873873873873876,-7090.0,0.8209934987060531,-11360.0,-0.46490468674400276,ES,or_lt_0.4_atr,OOS,OR30m/cut1100/exit1100/TE/both/follow
15,17.0,0.3333333333333333,-0.015303770754665736,207.5,3112.5,1.4486486486486487,-2860.0,-0.13185943083500587,ES,or_gt_0.7_atr,full,OR30m/cut1100/exit1100/TE/both/follow
10,11.0,0.4,-0.030076678631233266,282.5,2825.0,1.6188389923329682,-2860.0,-0.21980096100407887,ES,or_gt_0.7_atr,IS,OR30m/cut1100/exit1100/TE/both/follow
5,6.0,0.2,0.014242044998469327,57.5,287.5,1.1211801896733404,-2270.0,0.059731212169569295,ES,or_gt_0.7_atr,OOS,OR30m/cut1100/exit1100/TE/both/follow
95,104.0,0.4631578947368421,-0.06040347843977066,-31.57894736842105,-3000.0,0.8958875585632483,-10012.5,-0.9187553222732058,ES,dow_Mon,full,OR30m/cut1100/exit1100/TE/both/follow
61,67.0,0.4098360655737705,-0.04446106912612197,34.59016393442623,2110.0,1.1394810775078499,-5535.0,-0.5204865160038481,ES,dow_Mon,IS,OR30m/cut1100/exit1100/TE/both/follow
34,37.0,0.5588235294117647,-0.08900603632602268,-150.2941176470588,-5110.0,0.6266666666666667,-9055.0,-0.8661198858111794,ES,dow_Mon,OOS,OR30m/cut1100/exit1100/TE/both/follow
102,105.0,0.5,0.033541660280360576,-15.245098039215685,-1555.0,0.9550934950545087,-16310.0,0.4353441682773574,ES,dow_Tue,full,OR30m/cut1100/exit1100/TE/both/follow
66,68.0,0.48484848484848486,-0.002004404153223716,-37.72727272727273,-2490.0,0.8930642044234486,-10115.0,-0.0196721957963861,ES,dow_Tue,IS,OR30m/cut1100/exit1100/TE/both/follow
36,37.0,0.5277777777777778,0.09870944507526509,25.97222222222222,935.0,1.0824333259863346,-6195.0,0.865722200865874,ES,dow_Tue,OOS,OR30m/cut1100/exit1100/TE/both/follow
99,103.0,0.5252525252525253,-0.03328418659651221,-91.13636363636364,-9022.5,0.7442602040816326,-12410.0,-0.5085003025569543,ES,dow_Wed,full,OR30m/cut1100/exit1100/TE/both/follow
64,66.0,0.484375,-0.06002790935586849,-136.09375,-8710.0,0.6195675911771129,-11882.5,-0.7417932107573085,ES,dow_Wed,IS,OR30m/cut1100/exit1100/TE/both/follow
35,37.0,0.6,0.01561862073488216,-8.928571428571429,-312.5,0.9747678643520388,-7587.5,0.1389536502460888,ES,dow_Wed,OOS,OR30m/cut1100/exit1100/TE/both/follow
95,102.0,0.5263157894736842,0.004286032517691941,-26.31578947368421,-2500.0,0.9333333333333333,-10722.5,0.05848173209488411,ES,dow_Thu,full,OR30m/cut1100/exit1100/TE/both/follow
61,65.0,0.5901639344262295,0.0637736151863092,58.15573770491803,3547.5,1.1890739506995336,-5360.0,0.7392686279508085,ES,dow_Thu,IS,OR30m/cut1100/exit1100/TE/both/follow
34,37.0,0.4117647058823529,-0.10244168932894493,-177.86764705882354,-6047.5,0.6772515010006671,-10652.5,-0.7649083736415466,ES,dow_Thu,OOS,OR30m/cut1100/exit1100/TE/both/follow
100,102.0,0.5,0.12655403569871038,114.875,11487.5,1.3491641337386018,-7370.0,1.3381773632399294,ES,dow_Fri,full,OR30m/cut1100/exit1100/TE/both/follow
64,66.0,0.59375,0.2962838919293442,259.21875,16590.0,1.9183504013285357,-3732.5,2.340655869735448,ES,dow_Fri,IS,OR30m/cut1100/exit1100/TE/both/follow
36,36.0,0.3333333333333333,-0.1751879309335275,-141.73611111111111,-5102.5,0.6560498820357263,-7370.0,-1.4335023748311717,ES,dow_Fri,OOS,OR30m/cut1100/exit1100/TE/both/follow
491,516.0,0.4317718940936864,0.02428909500297979,-23.65580448065173,-11615.0,0.9615314554457085,-42022.5,0.4222400963646139,ES,(none),full,OR30m/cut1100/exit1559/TE/both/follow
316,332.0,0.4240506329113924,0.08155993932841961,36.06803797468354,11397.5,1.0617315712506092,-25495.0,1.0521392700408396,ES,(none),IS,OR30m/cut1100/exit1559/TE/both/follow
175,184.0,0.44571428571428573,-0.07912568675038581,-131.5,-23012.5,0.8038233664379183,-28645.0,-0.9885788367083826,ES,(none),OOS,OR30m/cut1100/exit1559/TE/both/follow
135,140.0,0.37037037037037035,-0.025052732710250693,-29.90740740740741,-4037.5,0.9278695846359982,-8267.5,-0.21933321540023218,ES,or_width_rel_narrow,full,OR30m/cut1100/exit1559/TE/both/follow
82,84.0,0.35365853658536583,-0.051921524151040295,-54.78658536585366,-4492.5,0.8641004310670801,-8267.5,-0.3445958765082648,ES,or_width_rel_narrow,IS,OR30m/cut1100/exit1559/TE/both/follow
53,56.0,0.39622641509433965,0.01651785027361243,8.584905660377359,455.0,1.0198538234973273,-5885.0,0.09401444563419777,ES,or_width_rel_narrow,OOS,OR30m/cut1100/exit1559/TE/both/follow
156,161.0,0.4551282051282051,0.08123414721997131,41.97115384615385,6547.5,1.0718222953517071,-20332.5,0.7227175869998678,ES,or_width_rel_typical,full,OR30m/cut1100/exit1559/TE/both/follow
89,92.0,0.48314606741573035,0.29861595585827555,277.5561797752809,24702.5,1.5794968037065276,-8942.5,1.7492431583614607,ES,or_width_rel_typical,IS,OR30m/cut1100/exit1559/TE/both/follow
67,69.0,0.417910447761194,-0.20752676276225365,-270.97014925373134,-18155.0,0.6259400432677449,-20332.5,-1.6802755936991127,ES,or_width_rel_typical,OOS,OR30m/cut1100/exit1559/TE/both/follow
143,155.0,0.44755244755244755,-0.07257524986008611,-120.41958041958041,-17220.0,0.8688724323706905,-28130.0,-0.9006917964025158,ES,or_width_rel_wide,full,OR30m/cut1100/exit1559/TE/both/follow
88,96.0,0.3977272727272727,-0.10863764305959474,-135.3125,-11907.5,0.8606821106821106,-25567.5,-0.9974863029271619,ES,or_width_rel_wide,IS,OR30m/cut1100/exit1559/TE/both/follow
55,59.0,0.5272727272727272,-0.014875420740872353,-96.5909090909091,-5312.5,0.8841393599040401,-15447.5,-0.12702552539451384,ES,or_width_rel_wide,OOS,OR30m/cut1100/exit1559/TE/both/follow
156,163.0,0.4358974358974359,0.048072313305345026,-5.865384615384615,-915.0,0.9877131730898349,-12595.0,0.4626829880531831,ES,or_volume_rel_quiet,full,OR30m/cut1100/exit1559/TE/both/follow
95,99.0,0.4105263157894737,0.07287456143963655,16.57894736842105,1575.0,1.0337964701464513,-12595.0,0.5230455317561914,ES,or_volume_rel_quiet,IS,OR30m/cut1100/exit1559/TE/both/follow
61,64.0,0.47540983606557374,0.009445861292923814,-40.81967213114754,-2490.0,0.9106486050058311,-5870.0,0.061082868957781755,ES,or_volume_rel_quiet,OOS,OR30m/cut1100/exit1559/TE/both/follow
195,207.0,0.4512820512820513,0.037399153601917416,37.17948717948718,7250.0,1.0603450069708886,-18327.5,0.40588784541919193,ES,or_volume_rel_normal,full,OR30m/cut1100/exit1559/TE/both/follow
98,105.0,0.42857142857142855,0.15051340599045301,131.68367346938774,12905.0,1.2400818566578298,-10352.5,0.9746011343351048,ES,or_volume_rel_normal,IS,OR30m/cut1100/exit1559/TE/both/follow
97,102.0,0.4742268041237113,-0.07688122509990206,-58.29896907216495,-5655.0,0.9148215092634433,-18327.5,-0.7737452700285621,ES,or_volume_rel_normal,OOS,OR30m/cut1100/exit1559/TE/both/follow
83,86.0,0.3493975903614458,-0.19132492177793195,-253.55421686746988,-21045.0,0.7490086168341334,-38065.0,-1.6699308711426903,ES,or_volume_rel_busy,full,OR30m/cut1100/exit1559/TE/both/follow
66,68.0,0.3939393939393939,-0.13506446397080277,-93.59848484848484,-6177.5,0.8983963815789474,-23912.5,-1.0212181335396062,ES,or_volume_rel_busy,IS,OR30m/cut1100/exit1559/TE/both/follow
17,18.0,0.17647058823529413,-0.4097478756173746,-874.5588235294117,-14867.5,0.3549191886321727,-15332.5,-1.8546208039357581,ES,or_volume_rel_busy,OOS,OR30m/cut1100/exit1559/TE/both/follow
154,164.0,0.43506493506493504,-0.01353328626954225,-58.18181818181818,-8960.0,0.9058996507994854,-17375.0,-0.15347193891561378,ES,gap_up_gt_0.25pct,full,OR30m/cut1100/exit1559/TE/both/follow
98,104.0,0.42857142857142855,-0.039558833866831615,-69.84693877551021,-6845.0,0.8788012925501306,-11172.5,-0.3593871932115737,ES,gap_up_gt_0.25pct,IS,OR30m/cut1100/exit1559/TE/both/follow
56,60.0,0.44642857142857145,0.032011422025714116,-37.767857142857146,-2115.0,0.9454052658750646,-12017.5,0.2156666934386029,ES,gap_up_gt_0.25pct,OOS,OR30m/cut1100/exit1559/TE/both/follow
117,120.0,0.4358974358974359,-0.002869533754920711,-42.02991452991453,-4917.5,0.9486436385472964,-33757.5,-0.026055049985088962,ES,gap_dn_lt_-0.25pct,full,OR30m/cut1100/exit1559/TE/both/follow
68,71.0,0.4852941176470588,0.15692657596524381,173.23529411764707,11780.0,1.2287378640776698,-17060.0,1.0334684050738168,ES,gap_dn_lt_-0.25pct,IS,OR30m/cut1100/exit1559/TE/both/follow
49,49.0,0.3673469387755102,-0.22462740030535308,-340.765306122449,-16697.5,0.6226766849330546,-17332.5,-1.463252692362013,ES,gap_dn_lt_-0.25pct,OOS,OR30m/cut1100/exit1559/TE/both/follow
145,151.0,0.42758620689655175,0.14361707250606975,47.5,6887.5,1.0942105803098177,-11277.5,1.100747620851913,ES,gap_small_lt_0.15pct,full,OR30m/cut1100/exit1559/TE/both/follow
103,108.0,0.4174757281553398,0.26261459287551303,126.62621359223301,13042.5,1.2584592519197424,-11277.5,1.5406312150149224,ES,gap_small_lt_0.15pct,IS,OR30m/cut1100/exit1559/TE/both/follow
42,43.0,0.4523809523809524,-0.14821017982851728,-146.54761904761904,-6155.0,0.7281960697725768,-9060.0,-0.9154081695936351,ES,gap_small_lt_0.15pct,OOS,OR30m/cut1100/exit1559/TE/both/follow
320,340.0,0.434375,0.08798792972337792,37.421875,11975.0,1.0747374826418685,-13957.5,1.144663969250335,ES,above_sma20,full,OR30m/cut1100/exit1559/TE/both/follow
220,233.0,0.4318181818181818,0.1388963897160438,50.73863636363637,11162.5,1.1059940652818991,-11945.0,1.4030781422335146,ES,above_sma20,IS,OR30m/cut1100/exit1559/TE/both/follow
100,107.0,0.44,-0.02401068226048703,8.125,812.5,1.0147955931894745,-13957.5,-0.21019789994292962,ES,above_sma20,OOS,OR30m/cut1100/exit1559/TE/both/follow
171,176.0,0.4269005847953216,-0.09491340271940264,-137.953216374269,-23590.0,0.8335303353739216,-41455.0,-1.1763714526336246,ES,below_sma20,full,OR30m/cut1100/exit1559/TE/both/follow
96,99.0,0.40625,-0.04983609280988591,2.4479166666666665,235.0,1.0029627761843225,-21687.5,-0.4280753416073562,ES,below_sma20,IS,OR30m/cut1100/exit1559/TE/both/follow
75,77.0,0.4533333333333333,-0.15261235940358414,-317.6666666666667,-23825.0,0.6181279051129989,-27890.0,-1.408164815499859,ES,below_sma20,OOS,OR30m/cut1100/exit1559/TE/both/follow
328,341.0,0.43597560975609756,0.07974014764605601,17.926829268292682,5880.0,1.0351018580702933,-20757.5,1.0964299426789805,ES,or_lt_0.4_atr,full,OR30m/cut1100/exit1559/TE/both/follow
217,226.0,0.4423963133640553,0.14566544418043334,54.41244239631337,11807.5,1.1126508610408816,-20200.0,1.5487232878721813,ES,or_lt_0.4_atr,IS,OR30m/cut1100/exit1559/TE/both/follow
111,115.0,0.42342342342342343,-0.049140837470699694,-53.4009009009009,-5927.5,0.9054587503488974,-12615.0,-0.44355455187353343,ES,or_lt_0.4_atr,OOS,OR30m/cut1100/exit1559/TE/both/follow
15,17.0,0.6,0.278801219065354,834.1666666666666,12512.5,2.1801461919358642,-3505.0,1.045261112981646,ES,or_gt_0.7_atr,full,OR30m/cut1100/exit1559/TE/both/follow
10,11.0,0.6,0.19753897038120782,882.5,8825.0,2.4414046549612087,-3255.0,0.6946332588578679,ES,or_gt_0.7_atr,IS,OR30m/cut1100/exit1559/TE/both/follow
5,6.0,0.6,0.44132571643364626,737.5,3687.5,1.8231026785714286,-3240.0,0.7224290420716118,ES,or_gt_0.7_atr,OOS,OR30m/cut1100/exit1559/TE/both/follow
95,104.0,0.47368421052631576,-0.059236728267947084,60.78947368421053,5775.0,1.123661670235546,-12437.5,-0.5689828266479275,ES,dow_Mon,full,OR30m/cut1100/exit1559/TE/both/follow
61,67.0,0.45901639344262296,-0.03407276433449417,134.38524590163934,8197.5,1.3029659059410514,-8435.0,-0.24531512602453823,ES,dow_Mon,IS,OR30m/cut1100/exit1559/TE/both/follow
34,37.0,0.5,-0.10438384003090671,-71.25,-2422.5,0.8766704849179076,-11330.0,-0.6847109405870313,ES,dow_Mon,OOS,OR30m/cut1100/exit1559/TE/both/follow
102,105.0,0.45098039215686275,0.10157891224074184,-33.75,-3442.5,0.9454350927246791,-25075.0,0.7534585342624627,ES,dow_Tue,full,OR30m/cut1100/exit1559/TE/both/follow
66,68.0,0.3939393939393939,0.13069057286682856,-6.098484848484849,-402.5,0.9898678414096916,-12572.5,0.7014164332796047,ES,dow_Tue,IS,OR30m/cut1100/exit1559/TE/both/follow
36,37.0,0.5555555555555556,0.048207534426249525,-84.44444444444444,-3040.0,0.8698908624010272,-14452.5,0.27703806365297673,ES,dow_Tue,OOS,OR30m/cut1100/exit1559/TE/both/follow
99,103.0,0.36363636363636365,-0.03385076445446124,-175.6060606060606,-17385.0,0.7361211247296323,-21920.0,-0.2783991815757014,ES,dow_Wed,full,OR30m/cut1100/exit1559/TE/both/follow
64,66.0,0.375,-0.01941669620981165,-154.0625,-9860.0,0.7649582836710369,-21920.0,-0.1249838170302638,ES,dow_Wed,IS,OR30m/cut1100/exit1559/TE/both/follow
35,37.0,0.34285714285714286,-0.060244489244677624,-215.0,-7525.0,0.6855740102371253,-12880.0,-0.30612272096334725,ES,dow_Wed,OOS,OR30m/cut1100/exit1559/TE/both/follow
95,102.0,0.42105263157894735,-0.021709535748868306,-112.76315789473684,-10712.5,0.8367619047619047,-21875.0,-0.1714955081259366,ES,dow_Thu,full,OR30m/cut1100/exit1559/TE/both/follow
61,65.0,0.4262295081967213,0.06449327091121394,1.598360655737705,97.5,1.002654867256637,-11065.0,0.4061020219616724,ES,dow_Thu,IS,OR30m/cut1100/exit1559/TE/both/follow
34,37.0,0.4117647058823529,-0.17636751240372175,-317.94117647058823,-10810.0,0.6259515570934256,-13320.0,-0.8394411988580465,ES,dow_Thu,OOS,OR30m/cut1100/exit1559/TE/both/follow
100,102.0,0.45,0.1260601736049653,141.5,14150.0,1.233353947639662,-9652.5,0.8404845006027529,ES,dow_Fri,full,OR30m/cut1100/exit1559/TE/both/follow
64,66.0,0.46875,0.2583496980440303,208.828125,13365.0,1.341183228029868,-7607.5,1.205000346029238,ES,dow_Fri,IS,OR30m/cut1100/exit1559/TE/both/follow
36,36.0,0.4166666666666667,-0.10912120317559476,21.805555555555557,785.0,1.036571162357326,-9652.5,-0.6617831729027599,ES,dow_Fri,OOS,OR30m/cut1100/exit1559/TE/both/follow
4084,4139.0,0.4593535749265426,-0.02795339043535539,-0.697933398628794,-2850.3599999999947,0.9794718552189496,-7633.259999999997,-1.8457127711112227,MNQ,(none),full,OR15m/cut1100/exit1100/TE/both/follow
2666,2711.0,0.4444861215303826,-0.05782377436105936,-1.4518529632408097,-3870.6399999999985,0.9123302613983526,-5297.859999999919,-3.120967683229829,MNQ,(none),IS,OR15m/cut1100/exit1100/TE/both/follow
1418,1428.0,0.48730606488011285,0.02820630176910638,0.7195204513399172,1020.2800000000025,1.0107736891701764,-7633.2599999999975,1.0766666843553174,MNQ,(none),OOS,OR15m/cut1100/exit1100/TE/both/follow
1011,1017.0,0.41839762611275966,-0.07146395469048192,0.3442729970326409,348.05999999999995,1.0146947439882257,-1758.079999999999,-1.9031863219500071,MNQ,or_width_rel_narrow,full,OR15m/cut1100/exit1100/TE/both/follow
690,693.0,0.4072463768115942,-0.11792668018136891,-1.0813043478260869,-746.0999999999999,0.9178698334280017,-1606.8999999999896,-2.600891500809374,MNQ,or_width_rel_narrow,IS,OR15m/cut1100/exit1100/TE/both/follow
321,324.0,0.4423676012461059,0.02840919356095738,3.40859813084112,1094.1599999999996,1.0749339458664287,-1758.0800000000006,0.42559298294808884,MNQ,or_width_rel_narrow,OOS,OR15m/cut1100/exit1100/TE/both/follow
1791,1808.0,0.46901172529313234,-0.007589260288248463,2.448553880513681,4385.360000000002,1.0775963354179703,-3950.8399999999992,-0.340296812824979,MNQ,or_width_rel_typical,full,OR15m/cut1100/exit1100/TE/both/follow
1127,1143.0,0.44365572315882873,-0.0529157822449204,-1.4308606921029272,-1612.579999999999,0.9008197265773956,-1996.959999999965,-1.957592645878492,MNQ,or_width_rel_typical,IS,OR15m/cut1100/exit1100/TE/both/follow
664,665.0,0.5120481927710844,0.06934295393640405,9.033042168674701,5997.940000000001,1.1489950804800082,-3950.8400000000047,1.7894766423860393,MNQ,or_width_rel_typical,OOS,OR15m/cut1100/exit1100/TE/both/follow
1222,1254.0,0.47708674304418985,-0.023723446725280425,-6.210212765957444,-7588.879999999997,0.8695767544945084,-7839.759999999976,-1.0664765429481402,MNQ,or_width_rel_wide,full,OR15m/cut1100/exit1100/TE/both/follow
789,815.0,0.4740177439797212,-0.017520298174963138,-1.9227629911280084,-1517.0599999999986,0.9172953317596257,-2835.739999999987,-0.6300311801629699,MNQ,or_width_rel_wide,IS,OR15m/cut1100/exit1100/TE/both/follow
433,439.0,0.48267898383371827,-0.03502664350634353,-14.022678983833718,-6071.82,0.8476081143555304,-6537.559999999991,-0.9441822425934651,MNQ,or_width_rel_wide,OOS,OR15m/cut1100/exit1100/TE/both/follow
1336,1350.0,0.4318862275449102,-0.0734897306455807,-2.6002544910179637,-3473.9399999999996,0.903820554959999,-5026.999999999964,-2.605379166830724,MNQ,or_volume_rel_quiet,full,OR15m/cut1100/exit1100/TE/both/follow
922,933.0,0.42733188720173537,-0.09515991556309138,-2.5779609544468536,-2376.879999999999,0.8255260175348967,-2569.819999999975,-2.8294565870864026,MNQ,or_volume_rel_quiet,IS,OR15m/cut1100/exit1100/TE/both/follow
414,417.0,0.4420289855072464,-0.025229077278564237,-2.649903381642512,-1097.06,0.9512336283752302,-2638.819999999992,-0.4879087087625668,MNQ,or_volume_rel_quiet,OOS,OR15m/cut1100/exit1100/TE/both/follow
1905,1932.0,0.4666666666666667,0.001814352508084945,4.70698162729659,8966.800000000003,1.1372956787414636,-3527.760000000001,0.08123698310972517,MNQ,or_volume_rel_normal,full,OR15m/cut1100/exit1100/TE/both/follow
1158,1180.0,0.4283246977547496,-0.0631709070602074,-1.9225561312607935,-2226.319999999999,0.8868134795632626,-2397.5199999999654,-2.2480710416959657,MNQ,or_volume_rel_normal,IS,OR15m/cut1100/exit1100/TE/both/follow
747,752.0,0.5261044176706827,0.10255455408784737,14.984096385542172,11193.120000000003,1.245244481565341,-3527.760000000055,2.816484715721033,MNQ,or_volume_rel_normal,OOS,OR15m/cut1100/exit1100/TE/both/follow
783,797.0,0.48531289910600256,-0.02567884629888744,-10.661966794380588,-8348.32,0.774114051255854,-9600.659999999994,-0.8627055372326314,MNQ,or_volume_rel_busy,full,OR15m/cut1100/exit1100/TE/both/follow
526,538.0,0.5038022813688213,0.011521561501282654,1.3830038022813698,727.4600000000005,1.0699888588927782,-2015.2199999999975,0.3160850886353098,MNQ,or_volume_rel_busy,IS,OR15m/cut1100/exit1100/TE/both/follow
257,259.0,0.4474708171206226,-0.10181664592102543,-35.31431906614785,-9075.779999999999,0.6583451851327614,-9600.66,-1.983463069245937,MNQ,or_volume_rel_busy,OOS,OR15m/cut1100/exit1100/TE/both/follow
1061,1072.0,0.4938737040527804,0.03298074627936556,-1.1022054665409977,-1169.4399999999985,0.9734109287485466,-4592.239999999998,1.1142238900682753,MNQ,gap_up_gt_0.25pct,full,OR15m/cut1100/exit1100/TE/both/follow
589,599.0,0.49745331069609505,0.038924455608923644,-0.7089303904923592,-417.55999999999955,0.9661643777895188,-1902.12,0.9968342581500812,MNQ,gap_up_gt_0.25pct,IS,OR15m/cut1100/exit1100/TE/both/follow
472,473.0,0.4894067796610169,0.025563702221929774,-1.5929661016949135,-751.8799999999992,0.9762372657875158,-4592.239999999998,0.563675571780246,MNQ,gap_up_gt_0.25pct,OOS,OR15m/cut1100/exit1100/TE/both/follow
826,838.0,0.5048426150121066,0.032944146487347385,4.240871670702181,3502.960000000002,1.0863502869090682,-3729.6399999999994,1.0151606435367628,MNQ,gap_dn_lt_-0.25pct,full,OR15m/cut1100/exit1100/TE/both/follow
416,425.0,0.5024038461538461,0.03294840310600112,3.4600000000000013,1439.3600000000006,1.1561758106307536,-871.5199999999999,0.7451586162565045,MNQ,gap_dn_lt_-0.25pct,IS,OR15m/cut1100/exit1100/TE/both/follow
410,413.0,0.5073170731707317,0.03293982757671335,5.03317073170732,2063.6000000000013,1.0658233436191613,-3729.639999999998,0.6918419202842756,MNQ,gap_dn_lt_-0.25pct,OOS,OR15m/cut1100/exit1100/TE/both/follow
1471,1493.0,0.40856560163154315,-0.11762396204994711,-2.8649490142760015,-4214.339999999998,0.8764478243789176,-6009.579999999957,-4.702090924527515,MNQ,gap_small_lt_0.15pct,full,OR15m/cut1100/exit1100/TE/both/follow
1129,1147.0,0.3888396811337467,-0.15807965251218462,-3.433711248892825,-3876.6599999999994,0.7407974003918135,-4236.75999999997,-5.670519827571626,MNQ,gap_small_lt_0.15pct,IS,OR15m/cut1100/exit1100/TE/both/follow
342,346.0,0.47368421052631576,0.015927133072468472,-0.9873684210526311,-337.67999999999984,0.9823699859557161,-2320.159999999997,0.2884872635806867,MNQ,gap_small_lt_0.15pct,OOS,OR15m/cut1100/exit1100/TE/both/follow
2687,2730.0,0.44994417566058803,-0.038493423693904454,0.3762634908820256,1011.0200000000027,1.0134921181432437,-3864.119999999998,-2.030852892608051,MNQ,above_sma20,full,OR15m/cut1100/exit1100/TE/both/follow
1802,1837.0,0.43174250832408434,-0.07096569599815077,-0.45897891231964366,-827.0799999999979,0.9678059482002268,-3189.7999999999697,-3.1025346222036236,MNQ,above_sma20,IS,OR15m/cut1100/exit1100/TE/both/follow
885,893.0,0.48700564971751414,0.027625259574176685,2.076949152542374,1838.100000000001,1.03732663250457,-3864.119999999998,0.8194266459207514,MNQ,above_sma20,OOS,OR15m/cut1100/exit1100/TE/both/follow
1397,1409.0,0.47745168217609163,-0.007680613509284238,-2.7640515390121676,-3861.3799999999983,0.9395877791893262,-6770.859999999981,-0.3057114494920925,MNQ,below_sma20,full,OR15m/cut1100/exit1100/TE/both/follow
864,874.0,0.4710648148148148,-0.030414349835551586,-3.522638888888887,-3043.5599999999986,0.8351247956367843,-4210.619999999986,-0.9654729463162365,MNQ,below_sma20,IS,OR15m/cut1100/exit1100/TE/both/follow
533,535.0,0.4878048780487805,0.029171071642488722,-1.5343714821763574,-817.8199999999986,0.9820090977446588,-4038.6799999999994,0.7018368909180529,MNQ,below_sma20,OOS,OR15m/cut1100/exit1100/TE/both/follow
3257,3282.0,0.45194964691433837,-0.03272962179451691,-0.40260362296591873,-1311.2799999999972,0.9874840720862775,-6388.919999999999,-1.8328383326352762,MNQ,or_lt_0.4_atr,full,OR15m/cut1100/exit1100/TE/both/follow
2112,2131.0,0.43607954545454547,-0.06900969372482825,-1.5847443181818175,-3346.9799999999987,0.8971319718323714,-4121.879999999938,-3.1490606756071378,MNQ,or_lt_0.4_atr,IS,OR15m/cut1100/exit1100/TE/both/follow
1145,1151.0,0.4812227074235808,0.034190475949428506,1.7779039301310051,2035.700000000001,1.0281826984231146,-6388.919999999998,1.1145394111930889,MNQ,or_lt_0.4_atr,OOS,OR15m/cut1100/exit1100/TE/both/follow
63,68.0,0.4603174603174603,0.021187998954372952,-2.2780952380952346,-143.51999999999978,0.9531341840933136,-2030.48,0.2501214973014453,MNQ,or_gt_0.7_atr,full,OR15m/cut1100/exit1100/TE/both/follow
47,52.0,0.48936170212765956,0.10876568324254828,19.374893617021275,910.62,2.0319107948235615,-167.77999999999997,1.143587912318869,MNQ,or_gt_0.7_atr,IS,OR15m/cut1100/exit1100/TE/both/follow
16,16.0,0.375,-0.23607144864214205,-65.88375,-1054.14,0.5164273590531676,-2030.4799999999998,-1.3771047768928026,MNQ,or_gt_0.7_atr,OOS,OR15m/cut1100/exit1100/TE/both/follow
812,824.0,0.47044334975369456,0.027736095339928355,0.31036945812807964,252.02000000000066,1.010242550355209,-4094.819999999996,0.8131302241893408,MNQ,dow_Mon,full,OR15m/cut1100/exit1100/TE/both/follow
531,539.0,0.4745762711864407,0.06736746302972242,2.8696045197740117,1523.7600000000002,1.2061179602470558,-779.3199999999997,1.5052386368914485,MNQ,dow_Mon,IS,OR15m/cut1100/exit1100/TE/both/follow
281,285.0,0.4626334519572954,-0.04715449627317007,-4.525765124555158,-1271.7399999999993,0.9261154948659521,-4094.8199999999983,-0.9350819348307319,MNQ,dow_Mon,OOS,OR15m/cut1100/exit1100/TE/both/follow
826,835.0,0.4552058111380145,-0.04084451221066634,-0.5266828087167075,-435.0400000000004,0.9846784531943368,-3271.6399999999867,-1.1652043149564144,MNQ,dow_Tue,full,OR15m/cut1100/exit1100/TE/both/follow
539,546.0,0.42115027829313545,-0.10945646307362653,-4.710686456400741,-2539.0599999999995,0.74914142990946,-2919.0599999999904,-2.6415502641185173,MNQ,dow_Tue,IS,OR15m/cut1100/exit1100/TE/both/follow
287,289.0,0.519163763066202,0.08801207843440521,7.3310801393728235,2104.0200000000004,1.1151466792757647,-1907.6799999999976,1.3835941352341457,MNQ,dow_Tue,OOS,OR15m/cut1100/exit1100/TE/both/follow
820,832.0,0.4560975609756098,-0.03899826735107756,-2.8826829268292675,-2363.7999999999993,0.9156037094665371,-2807.8999999999933,-1.170253314822931,MNQ,dow_Wed,full,OR15m/cut1100/exit1100/TE/both/follow
534,545.0,0.449438202247191,-0.06678667636023936,-1.7703370786516843,-945.3599999999994,0.8886798096148729,-970.2599999999993,-1.645390347463096,MNQ,dow_Wed,IS,OR15m/cut1100/exit1100/TE/both/follow
286,287.0,0.46853146853146854,0.012886384435259485,-4.959580419580421,-1418.4400000000005,0.9273194207033376,-2281.2599999999998,0.22157525578958562,MNQ,dow_Wed,OOS,OR15m/cut1100/exit1100/TE/both/follow
824,831.0,0.47572815533980584,-0.02110683612203242,1.0971359223300978,904.0400000000006,1.0321079347129665,-2318.0999999999995,-0.6295595008526657,MNQ,dow_Thu,full,OR15m/cut1100/exit1100/TE/both/follow
539,545.0,0.4601113172541744,-0.05462361246012551,-1.1568831168831162,-623.5599999999996,0.9308549213030626,-1607.6999999999985,-1.3470750549675714,MNQ,dow_Thu,IS,OR15m/cut1100/exit1100/TE/both/follow
285,286.0,0.5052631578947369,0.0422810321103612,5.360000000000003,1527.6000000000008,1.0798196689960466,-2318.0999999999995,0.7141755767841915,MNQ,dow_Thu,OOS,OR15m/cut1100/exit1100/TE/both/follow
802,817.0,0.4389027431421446,-0.0668019659296315,-1.5057107231920168,-1207.5799999999974,0.9593236210526315,-4276.819999999988,-2.010569188497646,MNQ,dow_Fri,full,OR15m/cut1100/exit1100/TE/both/follow
523,536.0,0.4168260038240918,-0.1258643583676992,-2.459694072657743,-1286.4199999999996,0.8590332796388223,-2432.639999999992,-3.2116221091720134,MNQ,dow_Fri,IS,OR15m/cut1100/exit1100/TE/both/follow
279,281.0,0.48028673835125446,0.04391355824638778,0.2825806451612941,78.84000000000106,1.0038342946629186,-3861.259999999998,0.7249246039586864,MNQ,dow_Fri,OOS,OR15m/cut1100/exit1100/TE/both/follow
4084,4139.0,0.37414299706170423,-0.007054470049074689,2.4351469147894256,9945.140000000014,1.048208870559381,-9027.479999999912,-0.30535396809302306,MNQ,(none),full,OR15m/cut1100/exit1559/TE/both/follow
2666,2711.0,0.3555888972243061,-0.061193849514073695,-3.065881470367591,-8173.639999999998,0.8848478513048944,-8531.839999999913,-2.156525668400066,MNQ,(none),IS,OR15m/cut1100/exit1559/TE/both/follow
1418,1428.0,0.4090267983074753,0.09473367216085996,12.777700987306071,18118.78000000001,1.1339041938188263,-8011.300000000083,2.3901324339662082,MNQ,(none),OOS,OR15m/cut1100/exit1559/TE/both/follow
1011,1017.0,0.3254203758654797,-0.04361506573695163,1.4065875370919882,1422.0600000000002,1.0436070526371957,-2139.639999999981,-0.8246555227814646,MNQ,or_width_rel_narrow,full,OR15m/cut1100/exit1559/TE/both/follow
690,693.0,0.3101449275362319,-0.11197344093104596,-2.429855072463768,-1676.6000000000001,0.8691029578702961,-1853.5599999999833,-1.7938295090827714,MNQ,or_width_rel_narrow,IS,OR15m/cut1100/exit1559/TE/both/follow
321,324.0,0.3582554517133956,0.10332349776437262,9.653146417445486,3098.6600000000008,1.1564802769787657,-1744.4199999999973,1.0504977842215146,MNQ,or_width_rel_narrow,OOS,OR15m/cut1100/exit1559/TE/both/follow
1791,1808.0,0.3813512004466778,0.027790189807603116,7.339396984924628,13144.860000000008,1.158763321405123,-4118.840000000018,0.7882776104286708,MNQ,or_width_rel_typical,full,OR15m/cut1100/exit1559/TE/both/follow
1127,1143.0,0.35847382431233366,-0.04219092176649067,-1.1713220940550126,-1320.0799999999992,0.9487166736853228,-1647.159999999974,-0.9580508855323976,MNQ,or_width_rel_typical,IS,OR15m/cut1100/exit1559/TE/both/follow
664,665.0,0.42018072289156627,0.1465683716509822,21.784548192771087,14464.940000000002,1.2535289127569478,-4118.840000000018,2.503815722867892,MNQ,or_width_rel_typical,OOS,OR15m/cut1100/exit1559/TE/both/follow
1222,1254.0,0.397708674304419,-0.034859609420799215,-3.9156137479541697,-4784.879999999996,0.9469660376839859,-9492.000000000013,-0.9698168522450126,MNQ,or_width_rel_wide,full,OR15m/cut1100/exit1559/TE/both/follow
789,815.0,0.38022813688212925,-0.05886254534562777,-6.768136882129277,-5340.0599999999995,0.8319047496132909,-5679.659999999977,-1.2987087007943159,MNQ,or_width_rel_wide,IS,OR15m/cut1100/exit1559/TE/both/follow
433,439.0,0.4295612009237875,0.008877841952618181,1.2821709006928512,555.1800000000046,1.0094975817245713,-5788.459999999993,0.15068771675786008,MNQ,or_width_rel_wide,OOS,OR15m/cut1100/exit1559/TE/both/follow
1336,1350.0,0.34505988023952094,-0.05953177438319026,-1.1657485029940102,-1557.4399999999978,0.970262539858324,-4918.459999999977,-1.433881437803225,MNQ,or_volume_rel_quiet,full,OR15m/cut1100/exit1559/TE/both/follow
922,933.0,0.3362255965292842,-0.10521333496441765,-4.439674620390454,-4093.3799999999983,0.804895788847538,-4651.279999999982,-2.172229732855423,MNQ,or_volume_rel_quiet,IS,OR15m/cut1100/exit1559/TE/both/follow
414,417.0,0.3647342995169082,0.04220348855374611,6.12545893719807,2535.940000000001,1.080781663912295,-1883.6799999999994,0.5319979134426222,MNQ,or_volume_rel_quiet,OOS,OR15m/cut1100/exit1559/TE/both/follow
1905,1932.0,0.3926509186351706,0.03524636430403205,11.028766404199482,21009.800000000014,1.2189780413275222,-3397.7400000000707,1.0294242933908213,MNQ,or_volume_rel_normal,full,OR15m/cut1100/exit1559/TE/both/follow
1158,1180.0,0.35664939550949915,-0.05010502196433067,-1.6488082901554393,-1909.3199999999988,0.9380659978007219,-3205.519999999997,-1.1280400927395036,MNQ,or_volume_rel_normal,IS,OR15m/cut1100/exit1559/TE/both/follow
747,752.0,0.4484605087014726,0.16755815185257825,30.681552878179392,22919.120000000006,1.3519711139177057,-3397.7400000000707,3.1396214409313568,MNQ,or_volume_rel_normal,OOS,OR15m/cut1100/exit1559/TE/both/follow
783,797.0,0.36909323116219667,-0.031329396743418135,-12.350344827586202,-9670.319999999996,0.8312666655732224,-10183.89999999999,-0.6462626580389564,MNQ,or_volume_rel_busy,full,OR15m/cut1100/exit1559/TE/both/follow
526,538.0,0.37072243346007605,-0.030846161747279482,-4.437338403041825,-2334.04,0.8738952516486803,-3783.3599999999906,-0.524546524515991,MNQ,or_volume_rel_busy,IS,OR15m/cut1100/exit1559/TE/both/follow
257,259.0,0.3657587548638132,-0.032318430237460706,-28.545836575875484,-7336.28,0.8109328981725927,-8768.499999999998,-0.376790503625852,MNQ,or_volume_rel_busy,OOS,OR15m/cut1100/exit1559/TE/both/follow
1061,1072.0,0.4194156456173421,0.1261132298180317,9.690442978322341,10281.560000000005,1.1642221300786935,-3511.060000000034,2.6770790136609133,MNQ,gap_up_gt_0.25pct,full,OR15m/cut1100/exit1559/TE/both/follow
589,599.0,0.398981324278438,0.06310760959014677,-1.5977249575551784,-941.0600000000001,0.9522780818736223,-3170.3399999999956,1.041278876056728,MNQ,gap_up_gt_0.25pct,IS,OR15m/cut1100/exit1559/TE/both/follow
472,473.0,0.4449152542372881,0.20473676861935422,23.776737288135603,11222.620000000004,1.2616728509946145,-3511.060000000034,2.765439918695945,MNQ,gap_up_gt_0.25pct,OOS,OR15m/cut1100/exit1559/TE/both/follow
826,838.0,0.37167070217917675,0.03648847005237019,4.609515738498795,3807.460000000004,1.0605538472891471,-5064.1399999999985,0.7052257481010547,MNQ,gap_dn_lt_-0.25pct,full,OR15m/cut1100/exit1559/TE/both/follow
416,425.0,0.3485576923076923,-0.010554784405104344,-1.8633173076923073,-775.1399999999999,0.9536311886696288,-2408.0999999999995,-0.1452984559002091,MNQ,gap_dn_lt_-0.25pct,IS,OR15m/cut1100/exit1559/TE/both/follow
410,413.0,0.3951219512195122,0.08422016237995411,11.177073170731717,4582.600000000004,1.0992755265225058,-4168.759999999998,1.1423824853566975,MNQ,gap_dn_lt_-0.25pct,OOS,OR15m/cut1100/exit1559/TE/both/follow
1471,1493.0,0.3392250169952413,-0.1509726238998448,-5.651148878314071,-8312.839999999998,0.8381358057576705,-8506.21999999995,-4.244446299189678,MNQ,gap_small_lt_0.15pct,full,OR15m/cut1100/exit1559/TE/both/follow
1129,1147.0,0.32683790965456155,-0.182686581178868,-5.114844995571301,-5774.659999999998,0.743153240907534,-5834.619999999963,-4.485010138976537,MNQ,gap_small_lt_0.15pct,IS,OR15m/cut1100/exit1559/TE/both/follow
342,346.0,0.38011695906432746,-0.046279472531373454,-7.4215789473684195,-2538.1799999999994,0.9120945571064327,-4369.619999999994,-0.6357653565011386,MNQ,gap_small_lt_0.15pct,OOS,OR15m/cut1100/exit1559/TE/both/follow
2687,2730.0,0.3703014514328247,-0.03274473285405716,1.111470040937849,2986.5200000000004,1.0266119716269186,-5750.659999999993,-1.1765330874166944,MNQ,above_sma20,full,OR15m/cut1100/exit1559/TE/both/follow
1802,1837.0,0.3518312985571587,-0.08453980588192932,-2.129622641509433,-3837.579999999998,0.906073394127158,-4046.3599999999396,-2.512054269381115,MNQ,above_sma20,IS,OR15m/cut1100/exit1559/TE/both/follow
885,893.0,0.40790960451977404,0.07271822940156504,7.710847457627123,6824.100000000004,1.0956192079695708,-5750.660000000148,1.475526074614394,MNQ,above_sma20,OOS,OR15m/cut1100/exit1559/TE/both/follow
1397,1409.0,0.3815318539727989,0.0423583690038873,4.981116678596996,6958.620000000003,1.0739743117908458,-7697.5799999999845,1.0290624780239992,MNQ,below_sma20,full,OR15m/cut1100/exit1559/TE/both/follow
864,874.0,0.36342592592592593,-0.012502398848708145,-5.018587962962962,-4336.0599999999995,0.8560596202363562,-5758.819999999989,-0.2388935046756584,MNQ,below_sma20,IS,OR15m/cut1100/exit1559/TE/both/follow
533,535.0,0.41088180112570355,0.1312883941908337,21.190769230769238,11294.680000000004,1.176633763949302,-5370.180000000037,1.973248131236445,MNQ,below_sma20,OOS,OR15m/cut1100/exit1559/TE/both/follow
3257,3282.0,0.3662879950875038,0.0005849944824105554,2.309401289530246,7521.72000000001,1.0496873254818009,-7464.540000000041,0.021633763732715,MNQ,or_lt_0.4_atr,full,OR15m/cut1100/exit1559/TE/both/follow
2112,2131.0,0.3508522727272727,-0.05067777561692581,-1.511590909090908,-3192.4799999999977,0.9361450872712608,-3584.8199999999947,-1.5149397438161913,MNQ,or_lt_0.4_atr,IS,OR15m/cut1100/exit1559/TE/both/follow
1145,1151.0,0.3947598253275109,0.09514130055210354,9.357379912663761,10714.200000000006,1.1056781254703596,-7464.5400000000445,2.076683422378466,MNQ,or_lt_0.4_atr,OOS,OR15m/cut1100/exit1559/TE/both/follow
63,68.0,0.47619047619047616,-0.14336902594389084,-11.57174603174603,-729.02,0.8216604449315282,-2099.3599999999997,-1.3860955311219132,MNQ,or_gt_0.7_atr,full,OR15m/cut1100/exit1559/TE/both/follow
47,52.0,0.46808510638297873,-0.16109525820111326,-11.784680851063827,-553.8799999999999,0.7005244660719115,-675.8400000000001,-1.4095868964967893,MNQ,or_gt_0.7_atr,IS,OR15m/cut1100/exit1559/TE/both/follow
16,16.0,0.5,-0.09129821868829982,-10.946250000000006,-175.1400000000001,0.9217538153615212,-1740.9399999999998,-0.3850597886464775,MNQ,or_gt_0.7_atr,OOS,OR15m/cut1100/exit1559/TE/both/follow
812,824.0,0.39039408866995073,-0.011513230675680473,-3.636059113300489,-2952.479999999997,0.9247551499427854,-5318.4599999999955,-0.2409914757334661,MNQ,dow_Mon,full,OR15m/cut1100/exit1559/TE/both/follow
531,539.0,0.391713747645951,0.03366164907378687,0.5089642184557454,270.2600000000008,1.0212762607440158,-1618.6799999999996,0.5350274063425466,MNQ,dow_Mon,IS,OR15m/cut1100/exit1559/TE/both/follow
281,285.0,0.3879003558718861,-0.09687928457947818,-11.468825622775798,-3222.7399999999993,0.8785516063533598,-4883.919999999996,-1.3833484807504517,MNQ,dow_Mon,OOS,OR15m/cut1100/exit1559/TE/both/follow
826,835.0,0.36803874092009686,-0.04601869075006919,0.6137530266343867,506.96000000000345,1.0122054980597264,-4655.559999999999,-0.9101377086585147,MNQ,dow_Tue,full,OR15m/cut1100/exit1559/TE/both/follow
539,546.0,0.32653061224489793,-0.14118229765652268,-5.211614100185527,-2809.0599999999995,0.8133889412224257,-3083.859999999987,-2.2378432638945607,MNQ,dow_Tue,IS,OR15m/cut1100/exit1559/TE/both/follow
287,289.0,0.445993031358885,0.1327032051474166,11.554076655052269,3316.0200000000013,1.1252161816394006,-4655.559999999999,1.5869877983018728,MNQ,dow_Tue,OOS,OR15m/cut1100/exit1559/TE/both/follow
820,832.0,0.34512195121951217,-0.0356668492265617,-1.8790243902439001,-1540.7999999999981,0.9641603406070228,-5433.799999999994,-0.6581972406997216,MNQ,dow_Wed,full,OR15m/cut1100/exit1559/TE/both/follow
534,545.0,0.3408239700374532,-0.03400850437257231,-2.7703370786516848,-1479.3599999999997,0.8981513354831776,-2771.3199999999997,-0.48466963959724124,MNQ,dow_Wed,IS,OR15m/cut1100/exit1559/TE/both/follow
286,287.0,0.3531468531468531,-0.03876319940848601,-0.21482517482516705,-61.43999999999778,0.997841665964084,-5433.799999999994,-0.4632698483850697,MNQ,dow_Wed,OOS,OR15m/cut1100/exit1559/TE/both/follow
824,831.0,0.3616504854368932,-0.011389257935224745,5.7100000000000035,4705.040000000003,1.1086701154410954,-4117.699999999992,-0.2121533806152831,MNQ,dow_Thu,full,OR15m/cut1100/exit1559/TE/both/follow
539,545.0,0.34137291280148424,-0.13288426013724416,-6.30252319109462,-3397.06,0.7712294265010909,-4117.699999999992,-2.2868851804845733,MNQ,dow_Thu,IS,OR15m/cut1100/exit1559/TE/both/follow
285,286.0,0.4,0.2183855006152611,28.428421052631588,8102.100000000002,1.284810460310173,-3087.8400000000393,2.013333822762581,MNQ,dow_Thu,OOS,OR15m/cut1100/exit1559/TE/both/follow
802,817.0,0.40648379052369077,0.07129836794537965,11.504264339152122,9226.420000000002,1.235181631687562,-2489.119999999999,1.3773417940102755,MNQ,dow_Fri,full,OR15m/cut1100/exit1559/TE/both/follow
523,536.0,0.37858508604206503,-0.028938283894660303,-1.4501338432122381,-758.4200000000005,0.9452463632097602,-1532.8599999999967,-0.4643497443378494,MNQ,dow_Fri,IS,OR15m/cut1100/exit1559/TE/both/follow
279,281.0,0.45878136200716846,0.259197181251261,35.78795698924732,9984.840000000002,1.3934208421429228,-1719.4399999999996,2.8401284211253603,MNQ,dow_Fri,OOS,OR15m/cut1100/exit1559/TE/both/follow
3825,4139.0,0.4833986928104575,-0.02108321961764144,-0.5845751633986914,-2235.9999999999945,0.9793066506351823,-6335.179999999911,-1.932585146138731,MNQ,(none),full,OR30m/cut1100/exit1100/TE/both/follow
2485,2711.0,0.4659959758551308,-0.04294341650253813,-1.3176659959758543,-3274.399999999998,0.9039175940195568,-4887.579999999929,-3.1697740220267168,MNQ,(none),IS,OR30m/cut1100/exit1100/TE/both/follow
1340,1428.0,0.5156716417910447,0.019456026098006528,0.7749253731343281,1038.3999999999996,1.01403718231142,-5929.479999999997,1.0600364227578474,MNQ,(none),OOS,OR30m/cut1100/exit1100/TE/both/follow
998,1035.0,0.4589178356713427,-0.023535085412227416,2.497074148296594,2492.080000000001,1.1320825118192035,-1336.6799999999894,-0.8842665762162536,MNQ,or_width_rel_narrow,full,OR30m/cut1100/exit1100/TE/both/follow
663,684.0,0.4298642533936652,-0.07113410699830754,-1.834871794871794,-1216.5199999999995,0.8377458446813789,-1336.6799999999894,-2.161543211055219,MNQ,or_width_rel_narrow,IS,OR30m/cut1100/exit1100/TE/both/follow
335,351.0,0.5164179104477612,0.07066835133873113,11.07044776119403,3708.6000000000004,1.3261747162264141,-1277.2599999999984,1.5757944815052805,MNQ,or_width_rel_narrow,OOS,OR30m/cut1100/exit1100/TE/both/follow
1669,1804.0,0.4733373277411624,-0.03342079750960042,-0.03131216297183847,-52.2599999999984,0.9988578087762947,-2919.899999999965,-2.107169568662013,MNQ,or_width_rel_typical,full,OR30m/cut1100/exit1100/TE/both/follow
1051,1150.0,0.44719314938154137,-0.06313240543272926,-1.4144053282588003,-1486.539999999999,0.8885337996316804,-2734.059999999975,-3.207951308305804,MNQ,or_width_rel_typical,IS,OR30m/cut1100/exit1100/TE/both/follow
618,654.0,0.517799352750809,0.017108166773908313,2.3208414239482202,1434.2800000000002,1.0442434307938324,-2634.0999999999985,0.64245540065592,MNQ,or_width_rel_typical,OOS,OR30m/cut1100/exit1100/TE/both/follow
1105,1240.0,0.5221719457013575,0.0012554077548390784,-4.1110407239819,-4542.7,0.8942762014745057,-5000.899999999985,0.07935710680713526,MNQ,or_width_rel_wide,full,OR30m/cut1100/exit1100/TE/both/follow
718,817.0,0.5278551532033426,0.013318795769524662,-0.6103342618384396,-438.2199999999997,0.9657119875811389,-2117.7799999999997,0.6799778846973675,MNQ,or_width_rel_wide,IS,OR30m/cut1100/exit1100/TE/both/follow
387,423.0,0.5116279069767442,-0.021125761740107295,-10.605891472868215,-4104.48,0.8640318070060481,-4326.319999999988,-0.7875277032197923,MNQ,or_width_rel_wide,OOS,OR30m/cut1100/exit1100/TE/both/follow
1244,1342.0,0.47106109324758844,-0.016210374580908724,0.7718971061093247,960.24,1.0379972237302997,-2034.7599999999993,-0.7671970568880127,MNQ,or_volume_rel_quiet,full,OR30m/cut1100/exit1100/TE/both/follow
864,938.0,0.4548611111111111,-0.029540370856327908,-0.3710185185185182,-320.5599999999997,0.9674817201334167,-1616.7999999999874,-1.1413915100691938,MNQ,or_volume_rel_quiet,IS,OR30m/cut1100/exit1100/TE/both/follow
380,404.0,0.5078947368421053,0.014097827476886485,3.370526315789473,1280.7999999999997,1.0830960951063615,-2034.7599999999993,0.3877365976007603,MNQ,or_volume_rel_quiet,OOS,OR30m/cut1100/exit1100/TE/both/follow
1799,1942.0,0.48971650917176207,-0.02422927435917944,1.497520844913842,2694.040000000002,1.0524614859738686,-3013.2999999999956,-1.5971598115838992,MNQ,or_volume_rel_normal,full,OR30m/cut1100/exit1100/TE/both/follow
1091,1187.0,0.458295142071494,-0.06870656660704484,-2.069330889092575,-2257.6399999999994,0.8516188480684371,-2824.8999999999746,-3.609986802227705,MNQ,or_volume_rel_normal,IS,OR30m/cut1100/exit1100/TE/both/follow
708,755.0,0.538135593220339,0.04430847400582217,6.993898305084744,4951.6799999999985,1.1370230103952725,-3013.2999999999947,1.7857899654666325,MNQ,or_volume_rel_normal,OOS,OR30m/cut1100/exit1100/TE/both/follow
729,795.0,0.49108367626886146,-0.019377133285342407,-7.897338820301782,-5757.159999999999,0.8140772877029606,-6262.899999999989,-0.848974744672422,MNQ,or_volume_rel_busy,full,OR30m/cut1100/exit1100/TE/both/follow
477,526.0,0.5052410901467506,-0.007273440459128718,-1.1804612159329144,-563.0800000000002,0.9340766896448376,-1739.5999999999979,-0.2644294648833475,MNQ,or_volume_rel_busy,IS,OR30m/cut1100/exit1100/TE/both/follow
252,269.0,0.4642857142857143,-0.04228769470638975,-20.611428571428572,-5194.08,0.7683685710335845,-5561.919999999992,-1.0404668577385796,MNQ,or_volume_rel_busy,OOS,OR30m/cut1100/exit1100/TE/both/follow
1003,1072.0,0.5264207377866401,0.02736006064021076,0.31343968095713054,314.3800000000019,1.0089978391219108,-3429.819999999999,1.2806755254731563,MNQ,gap_up_gt_0.25pct,full,OR30m/cut1100/exit1100/TE/both/follow
556,599.0,0.5179856115107914,0.02907614989437815,0.3152158273381298,175.26000000000016,1.0178750642547671,-1389.8199999999997,1.0077148035343084,MNQ,gap_up_gt_0.25pct,IS,OR30m/cut1100/exit1100/TE/both/follow
447,473.0,0.5369127516778524,0.025225506668584204,0.31123042505592713,139.11999999999944,1.0055349599240573,-3429.819999999999,0.7928857700786959,MNQ,gap_up_gt_0.25pct,OOS,OR30m/cut1100/exit1100/TE/both/follow
792,838.0,0.5214646464646465,0.015589789368387662,1.3615151515151507,1078.3199999999993,1.0343653037654212,-3305.4199999999955,0.6749816812537189,MNQ,gap_dn_lt_-0.25pct,full,OR30m/cut1100/exit1100/TE/both/follow
396,425.0,0.5126262626262627,0.022232055382632017,1.8855050505050501,746.6599999999999,1.1042061513812558,-670.660000000001,0.6720161438069968,MNQ,gap_dn_lt_-0.25pct,IS,OR30m/cut1100/exit1100/TE/both/follow
396,413.0,0.5303030303030303,0.008947523354143307,0.8375252525252521,331.65999999999985,1.0136976344054047,-3305.419999999994,0.2772069266423625,MNQ,gap_dn_lt_-0.25pct,OOS,OR30m/cut1100/exit1100/TE/both/follow
1357,1493.0,0.4288872512896094,-0.08642961932802909,-2.64280029476787,-3586.2799999999997,0.8651546314226088,-5181.539999999964,-4.684819086581761,MNQ,gap_small_lt_0.15pct,full,OR30m/cut1100/exit1100/TE/both/follow
1039,1147.0,0.41867179980750724,-0.11590218696229986,-3.4577093358999034,-3592.5599999999995,0.6934717614776591,-3890.159999999969,-5.625043794276448,MNQ,gap_small_lt_0.15pct,IS,OR30m/cut1100/exit1100/TE/both/follow
318,346.0,0.46226415094339623,0.009865971149981377,0.019748427672956603,6.2800000000002,1.0004221752242302,-1790.8799999999976,0.2441774229062248,MNQ,gap_small_lt_0.15pct,OOS,OR30m/cut1100/exit1100/TE/both/follow
2501,2730.0,0.46381447421031585,-0.03246033562898513,0.5205757696921243,1301.9600000000028,1.0226356415558642,-3135.2999999999665,-2.366195883942535,MNQ,above_sma20,full,OR30m/cut1100/exit1100/TE/both/follow
1671,1837.0,0.44105326152004787,-0.06260471970089211,-1.0097785757031705,-1687.3399999999979,0.9174081467029143,-3135.2999999999665,-3.738108520573506,MNQ,above_sma20,IS,OR30m/cut1100/exit1100/TE/both/follow
830,893.0,0.5096385542168674,0.02822793640011917,3.6015662650602422,2989.300000000001,1.0805995856372954,-2665.2599999999993,1.1865961074571607,MNQ,above_sma20,OOS,OR30m/cut1100/exit1100/TE/both/follow
1324,1409.0,0.520392749244713,0.00040784318022152273,-2.6721752265861016,-3537.9599999999987,0.9299911548028233,-5457.519999999984,0.022745537337706435,MNQ,below_sma20,full,OR30m/cut1100/exit1100/TE/both/follow
814,874.0,0.5171990171990172,-0.0025821908951062936,-1.9497051597051585,-1587.059999999999,0.8837252238589457,-2189.699999999988,-0.1125603611914642,MNQ,below_sma20,IS,OR30m/cut1100/exit1100/TE/both/follow
510,535.0,0.5254901960784314,0.005180172076921235,-3.825294117647055,-1950.899999999998,0.9471109896580556,-3870.079999999997,0.18004859903260087,MNQ,below_sma20,OOS,OR30m/cut1100/exit1100/TE/both/follow
2312,2433.0,0.4710207612456747,-0.034283105907247514,-1.24977508650519,-2889.479999999999,0.9521204356266856,-5284.359999999958,-2.193253021722521,MNQ,or_lt_0.4_atr,full,OR30m/cut1100/exit1100/TE/both/follow
1518,1600.0,0.4538866930171278,-0.061773268339374236,-1.7837417654808958,-2707.72,0.861636839883779,-3519.9199999999696,-3.21643142476308,MNQ,or_lt_0.4_atr,IS,OR30m/cut1100/exit1100/TE/both/follow
794,833.0,0.5037783375314862,0.018273652999513636,-0.22891687657430557,-181.75999999999863,0.9955428323123079,-4456.419999999998,0.6814675643923448,MNQ,or_lt_0.4_atr,OOS,OR30m/cut1100/exit1100/TE/both/follow
213,244.0,0.4694835680751174,-0.03136377427560396,-5.967230046948355,-1271.0199999999998,0.8529596183257326,-1831.7399999999975,-1.0534923481301466,MNQ,or_gt_0.7_atr,full,OR30m/cut1100/exit1100/TE/both/follow
141,164.0,0.46808510638297873,-0.026855742736344574,-4.54,-640.14,0.7962310997930924,-1002.0199999999986,-0.6989402389002851,MNQ,or_gt_0.7_atr,IS,OR30m/cut1100/exit1100/TE/both/follow
72,80.0,0.4722222222222222,-0.0401920027066536,-8.762222222222217,-630.8799999999997,0.88534707733911,-1505.2799999999997,-0.8715654546377531,MNQ,or_gt_0.7_atr,OOS,OR30m/cut1100/exit1100/TE/both/follow
740,824.0,0.48243243243243245,-0.011867417157877353,-1.4183783783783783,-1049.6,0.9422799422799419,-2697.219999999995,-0.5058730392542781,MNQ,dow_Mon,full,OR30m/cut1100/exit1100/TE/both/follow
490,539.0,0.4775510204081633,-0.010500833876124181,0.39265306122449023,192.4000000000002,1.0321645541263913,-837.8799999999999,-0.34724537251177906,MNQ,dow_Mon,IS,OR30m/cut1100/exit1100/TE/both/follow
250,285.0,0.492,-0.014545920390113556,-4.968,-1242.0,0.8982182456496899,-2697.2199999999957,-0.4011788335781209,MNQ,dow_Mon,OOS,OR30m/cut1100/exit1100/TE/both/follow
773,835.0,0.4890038809831824,-0.015076625784878037,1.74719275549806,1350.5800000000004,1.0615598492203486,-2559.6999999999875,-0.5859925539095716,MNQ,dow_Tue,full,OR30m/cut1100/exit1100/TE/both/follow
495,546.0,0.4585858585858586,-0.06358246805008416,-4.042020202020201,-2000.7999999999997,0.7516144810445898,-2310.01999999999,-1.98444620608096,MNQ,dow_Tue,IS,OR30m/cut1100/exit1100/TE/both/follow
278,289.0,0.5431654676258992,0.07129169047870842,12.055323741007195,3351.38,1.2413829364279083,-2325.779999999998,1.6675323772172024,MNQ,dow_Tue,OOS,OR30m/cut1100/exit1100/TE/both/follow
775,832.0,0.4967741935483871,-0.03209641446386211,-2.8858064516129027,-2236.4999999999995,0.8968694232711273,-2930.679999999989,-1.3819980272028858,MNQ,dow_Wed,full,OR30m/cut1100/exit1100/TE/both/follow
504,545.0,0.4742063492063492,-0.05312685079347117,-1.9596428571428564,-987.6599999999996,0.8506170972230626,-1420.9199999999976,-1.8693078934543645,MNQ,dow_Wed,IS,OR30m/cut1100/exit1100/TE/both/follow
271,287.0,0.5387453874538746,0.007015540924045465,-4.608265682656828,-1248.8400000000004,0.9171554612093269,-2430.2599999999993,0.1745919207832682,MNQ,dow_Wed,OOS,OR30m/cut1100/exit1100/TE/both/follow
783,831.0,0.4955300127713921,-0.021420408391155624,-3.368224776500638,-2637.3199999999997,0.8926600949132673,-2761.239999999994,-0.8727221736486767,MNQ,dow_Thu,full,OR30m/cut1100/exit1100/TE/both/follow
508,545.0,0.4862204724409449,-0.02544331593344806,-1.0754330708661408,-546.3199999999995,0.9245147455453862,-901.5600000000013,-0.8150635015420798,MNQ,dow_Thu,IS,OR30m/cut1100/exit1100/TE/both/follow
275,286.0,0.5127272727272727,-0.013989001003939055,-7.6036363636363635,-2091.0,0.8793586101373383,-2747.2200000000003,-0.35369748734550116,MNQ,dow_Thu,OOS,OR30m/cut1100/exit1100/TE/both/follow
754,817.0,0.45225464190981435,-0.024615774043992792,3.099257294429707,2336.8399999999992,1.1078150750281897,-3370.159999999997,-0.9883355605961817,MNQ,dow_Fri,full,OR30m/cut1100/exit1100/TE/both/follow
488,536.0,0.4323770491803279,-0.062283857439782105,0.1393032786885251,67.98000000000025,1.0109767676180514,-1679.7599999999954,-2.115798143676473,MNQ,dow_Fri,IS,OR30m/cut1100/exit1100/TE/both/follow
266,281.0,0.48872180451127817,0.044489581960312434,8.529548872180456,2268.8600000000015,1.1465535505741071,-3298.959999999997,0.9833463865507499,MNQ,dow_Fri,OOS,OR30m/cut1100/exit1100/TE/both/follow
3825,4139.0,0.43320261437908497,0.0010652236970556893,4.1338562091503315,15812.000000000018,1.079493150226268,-9548.139999999934,0.05414935401212537,MNQ,(none),full,OR30m/cut1100/exit1559/TE/both/follow
2485,2711.0,0.413682092555332,-0.04988109157055626,-3.037384305835009,-7547.899999999998,0.8921686671253511,-9548.139999999934,-2.0449663473018664,MNQ,(none),IS,OR30m/cut1100/exit1559/TE/both/follow
1340,1428.0,0.46940298507462686,0.09554402477169427,17.432761194029855,23359.900000000005,1.1812067896364788,-5969.120000000046,2.8839520652691273,MNQ,(none),OOS,OR30m/cut1100/exit1559/TE/both/follow
998,1035.0,0.40480961923847697,0.008048319118269275,5.75809619238477,5746.580000000001,1.1694093910426677,-2234.899999999999,0.17808850892141165,MNQ,or_width_rel_narrow,full,OR30m/cut1100/exit1559/TE/both/follow
663,684.0,0.3891402714932127,-0.060994458188754895,-0.9789140271493216,-649.0200000000002,0.9491451317171019,-1603.5599999999883,-1.0877289355432849,MNQ,or_width_rel_narrow,IS,OR30m/cut1100/exit1559/TE/both/follow
335,351.0,0.43582089552238806,0.14469118883336488,19.09134328358209,6395.6,1.3022629549705893,-2234.899999999998,1.9091610237955892,MNQ,or_width_rel_narrow,OOS,OR30m/cut1100/exit1559/TE/both/follow
1669,1804.0,0.42780107849011384,-0.016423740746950678,3.8725224685440427,6463.240000000007,1.0756773592240285,-5583.1000000001095,-0.5588961012483222,MNQ,or_width_rel_typical,full,OR30m/cut1100/exit1559/TE/both/follow
1051,1150.0,0.4043767840152236,-0.07832214978381591,-2.0618839200761174,-2167.0399999999995,0.9176720345383566,-3976.2399999999693,-2.170770117609447,MNQ,or_width_rel_typical,IS,OR30m/cut1100/exit1559/TE/both/follow
618,654.0,0.46763754045307443,0.08884361831088973,13.96485436893204,8630.28,1.1460700477090258,-5583.100000000122,1.7738351429278556,MNQ,or_width_rel_typical,OOS,OR30m/cut1100/exit1559/TE/both/follow
1105,1240.0,0.4633484162895928,0.019420723744304102,3.2337556561086,3573.300000000003,1.045270773270873,-8513.119999999995,0.632877351823898,MNQ,or_width_rel_wide,full,OR30m/cut1100/exit1559/TE/both/follow
718,817.0,0.4428969359331476,-0.004445945795692519,-6.630529247910863,-4760.719999999999,0.8426780344337594,-6007.3,-0.11431509106776874,MNQ,or_width_rel_wide,IS,OR30m/cut1100/exit1559/TE/both/follow
387,423.0,0.5012919896640827,0.06370048790378102,21.534935400516808,8334.020000000004,1.1712327247264886,-5056.739999999999,1.2818764856912046,MNQ,or_width_rel_wide,OOS,OR30m/cut1100/exit1559/TE/both/follow
1244,1342.0,0.42765273311897106,-0.007122685068223259,3.1895016077170433,3967.740000000002,1.0802910254734304,-5492.299999999976,-0.1931155157308965,MNQ,or_volume_rel_quiet,full,OR30m/cut1100/exit1559/TE/both/follow
864,938.0,0.41087962962962965,-0.06054671837850714,-3.7674305555555545,-3255.059999999999,0.8484881208497911,-5492.299999999976,-1.3616342366478988,MNQ,or_volume_rel_quiet,IS,OR30m/cut1100/exit1559/TE/both/follow
380,404.0,0.46578947368421053,0.11434669593200121,19.007368421052636,7222.800000000001,1.2585747671581264,-2766.6600000000044,1.741164867387838,MNQ,or_volume_rel_quiet,OOS,OR30m/cut1100/exit1559/TE/both/follow
1799,1942.0,0.43802112284602557,0.009480602180882815,9.483902167871042,17061.540000000005,1.182314639826447,-3044.579999999997,0.3342514771535074,MNQ,or_volume_rel_normal,full,OR30m/cut1100/exit1559/TE/both/follow
1091,1187.0,0.41246562786434465,-0.052187180537507004,-0.5890375802016489,-642.639999999999,0.9782271365282948,-3044.579999999997,-1.4386279791777048,MNQ,or_volume_rel_normal,IS,OR30m/cut1100/exit1559/TE/both/follow
708,755.0,0.4774011299435028,0.10450821651105696,25.00590395480226,17704.18,1.2763372266351167,-2631.7600000000384,2.307450844534137,MNQ,or_volume_rel_normal,OOS,OR30m/cut1100/exit1559/TE/both/follow
729,795.0,0.4252400548696845,-0.008386946759547861,-7.196378600823042,-5246.159999999998,0.905061071412672,-8847.47999999999,-0.20598235137592216,MNQ,or_volume_rel_busy,full,OR30m/cut1100/exit1559/TE/both/follow
477,526.0,0.4109014675052411,-0.03500946674589502,-7.712955974842766,-3679.079999999999,0.7994586209114483,-4492.7399999999925,-0.7059468772100339,MNQ,or_volume_rel_busy,IS,OR30m/cut1100/exit1559/TE/both/follow
252,269.0,0.4523809523809524,0.042005680357466414,-6.218571428571416,-1567.079999999997,0.9575461117257775,-6032.339999999998,0.5901451233004826,MNQ,or_volume_rel_busy,OOS,OR30m/cut1100/exit1559/TE/both/follow
1003,1072.0,0.48454636091724823,0.12268597590142756,12.337866400797612,12374.880000000005,1.205779234902891,-3440.600000000013,3.0967104526680354,MNQ,gap_up_gt_0.25pct,full,OR30m/cut1100/exit1559/TE/both/follow
556,599.0,0.4568345323741007,0.09983908750519266,2.318812949640289,1289.2600000000007,1.0673433420842868,-2295.479999999995,1.8471018615514814,MNQ,gap_up_gt_0.25pct,IS,OR30m/cut1100/exit1559/TE/both/follow
447,473.0,0.5190156599552572,0.1511040294770575,24.800044742729316,11085.620000000004,1.2704330834477864,-3440.600000000013,2.5963405788446203,MNQ,gap_up_gt_0.25pct,OOS,OR30m/cut1100/exit1559/TE/both/follow
792,838.0,0.44065656565656564,0.016576644721146304,1.7857575757575794,1414.320000000003,1.022572879219966,-7130.099999999996,0.39640907178659224,MNQ,gap_dn_lt_-0.25pct,full,OR30m/cut1100/exit1559/TE/both/follow
396,425.0,0.41919191919191917,-0.045857499574786936,-9.245808080808077,-3661.339999999999,0.799022928251096,-4694.6399999999985,-0.7641481900581598,MNQ,gap_dn_lt_-0.25pct,IS,OR30m/cut1100/exit1559/TE/both/follow
396,413.0,0.4621212121212121,0.07901078901707953,12.817323232323234,5075.660000000001,1.1142188603362615,-4059.6399999999994,1.3585412881917216,MNQ,gap_dn_lt_-0.25pct,OOS,OR30m/cut1100/exit1559/TE/both/follow
1357,1493.0,0.3795136330140015,-0.12225565737082576,-2.732336035372142,-3707.779999999997,0.923806498121353,-6984.419999999968,-3.8470189879259404,MNQ,gap_small_lt_0.15pct,full,OR30m/cut1100/exit1559/TE/both/follow
1039,1147.0,0.3734359961501444,-0.16241067080544264,-4.348950914340712,-4518.5599999999995,0.7873622826121739,-6185.3599999999715,-4.607043220431602,MNQ,gap_small_lt_0.15pct,IS,OR30m/cut1100/exit1559/TE/both/follow
318,346.0,0.39937106918238996,0.008942641241019773,2.549622641509442,810.7800000000025,1.0295768667300922,-2891.7599999999993,0.125612335470639,MNQ,gap_small_lt_0.15pct,OOS,OR30m/cut1100/exit1559/TE/both/follow
2501,2730.0,0.4294282287085166,-0.013386843809303979,3.459800079968014,8652.960000000003,1.0815174352779848,-3692.520000000024,-0.5542290981013103,MNQ,above_sma20,full,OR30m/cut1100/exit1559/TE/both/follow
1671,1837.0,0.41172950329144226,-0.06451650559388286,-1.2255176540993413,-2047.8399999999995,0.9471311229937686,-3466.179999999966,-2.1917215628577664,MNQ,above_sma20,IS,OR30m/cut1100/exit1559/TE/both/follow
830,893.0,0.4650602409638554,0.08955010178350482,12.892530120481936,10700.800000000007,1.1587319952781505,-3692.520000000055,2.129652531804563,MNQ,above_sma20,OOS,OR30m/cut1100/exit1559/TE/both/follow
1324,1409.0,0.44033232628398794,0.028364786260050828,5.407129909365565,7159.040000000008,1.077176729518797,-9135.879999999988,0.837127859782699,MNQ,below_sma20,full,OR30m/cut1100/exit1559/TE/both/follow
814,874.0,0.4176904176904177,-0.019837139687289982,-6.756830466830464,-5500.059999999998,0.8240710412577693,-7059.639999999989,-0.45580030635780877,MNQ,below_sma20,IS,OR30m/cut1100/exit1559/TE/both/follow
510,535.0,0.4764705882352941,0.10529884061521833,24.821764705882366,12659.100000000006,1.2058434424934,-5245.660000000025,1.9555680211080861,MNQ,below_sma20,OOS,OR30m/cut1100/exit1559/TE/both/follow
2312,2433.0,0.4195501730103806,0.010847458073326956,3.005198961937718,6948.020000000004,1.0638630136784843,-6387.680000000142,0.3850472082342542,MNQ,or_lt_0.4_atr,full,OR30m/cut1100/exit1559/TE/both/follow
1518,1600.0,0.40843214756258234,-0.03354076254521311,-0.5808432147562576,-881.7199999999989,0.9765483908204339,-3599.7599999999616,-0.9652493700179862,MNQ,or_lt_0.4_atr,IS,OR30m/cut1100/exit1559/TE/both/follow
794,833.0,0.44080604534005036,0.09571058011229903,9.86113350125945,7829.740000000004,1.109970945919184,-6387.680000000144,1.9935753523585917,MNQ,or_lt_0.4_atr,OOS,OR30m/cut1100/exit1559/TE/both/follow
213,244.0,0.460093896713615,-0.013682822173365406,4.3590610328638535,928.4800000000007,1.0616005201491447,-3318.1199999999994,-0.23748433111834802,MNQ,or_gt_0.7_atr,full,OR30m/cut1100/exit1559/TE/both/follow
141,164.0,0.425531914893617,-0.05934561624278138,-14.915886524822698,-2103.1400000000003,0.6973350564274962,-2526.82,-0.809453659755719,MNQ,or_gt_0.7_atr,IS,OR30m/cut1100/exit1559/TE/both/follow
72,80.0,0.5277777777777778,0.07574014954590759,42.10583333333334,3031.6200000000003,1.3731748208363999,-1651.6799999999994,0.8265689210596797,MNQ,or_gt_0.7_atr,OOS,OR30m/cut1100/exit1559/TE/both/follow
740,824.0,0.4283783783783784,-0.059978888483992104,-7.003513513513512,-5182.5999999999985,0.863635239394802,-5182.599999999981,-1.5277751407141624,MNQ,dow_Mon,full,OR30m/cut1100/exit1559/TE/both/follow
490,539.0,0.42448979591836733,-0.05988668852986505,-4.34408163265306,-2128.5999999999995,0.8489045115696016,-3224.9999999999914,-1.1980384034857738,MNQ,dow_Mon,IS,OR30m/cut1100/exit1559/TE/both/follow
250,285.0,0.436,-0.06015960039408116,-12.215999999999994,-3053.9999999999986,0.8723118167177029,-4420.679999999996,-0.9606337230987734,MNQ,dow_Mon,OOS,OR30m/cut1100/exit1559/TE/both/follow
773,835.0,0.4113842173350582,-0.016371942845123257,3.095187580853819,2392.580000000002,1.0608927585215198,-4810.079999999985,-0.3574030192893447,MNQ,dow_Tue,full,OR30m/cut1100/exit1559/TE/both/follow
495,546.0,0.3656565656565657,-0.10383737971363667,-6.231919191919192,-3084.8,0.7913640065036424,-3527.8999999999874,-1.728582177325942,MNQ,dow_Tue,IS,OR30m/cut1100/exit1559/TE/both/follow
278,289.0,0.49280575539568344,0.1393668746006111,19.702805755395687,5477.380000000001,1.2235105161400368,-4579.119999999999,2.040287792451035,MNQ,dow_Tue,OOS,OR30m/cut1100/exit1559/TE/both/follow
775,832.0,0.4167741935483871,-0.03969662121987222,2.3258064516129062,1802.5000000000023,1.0438227755899483,-3551.0199999999977,-0.9077090578222765,MNQ,dow_Wed,full,OR30m/cut1100/exit1559/TE/both/follow
504,545.0,0.4126984126984127,-0.06055580717648532,-0.45567460317460173,-229.6599999999993,0.9831829025932278,-2753.019999999995,-1.1055898839917155,MNQ,dow_Wed,IS,OR30m/cut1100/exit1559/TE/both/follow
271,287.0,0.42435424354243545,-0.0009031536105253099,7.498745387453881,2032.1600000000017,1.0739633211575224,-3551.0199999999977,-0.012433410901341714,MNQ,dow_Wed,OOS,OR30m/cut1100/exit1559/TE/both/follow
783,831.0,0.41890166028097064,-0.0015371263459677013,3.3367560664112426,2612.680000000003,1.0583901736946086,-4268.719999999998,-0.03452467787056339,MNQ,dow_Thu,full,OR30m/cut1100/exit1559/TE/both/follow
508,545.0,0.39763779527559057,-0.06872951552537133,-5.7732677165354325,-2932.8199999999997,0.8029580280887703,-3703.859999999998,-1.3060361545805217,MNQ,dow_Thu,IS,OR30m/cut1100/exit1559/TE/both/follow
275,286.0,0.4581818181818182,0.12258554166543979,20.16545454545455,5545.500000000002,1.1857107072244157,-4268.720000000018,1.5140358504772855,MNQ,dow_Thu,OOS,OR30m/cut1100/exit1559/TE/both/follow
754,817.0,0.4920424403183024,0.12345201765645379,18.815437665782497,14186.840000000002,1.396986595150256,-2343.619999999999,2.698004356427909,MNQ,dow_Fri,full,OR30m/cut1100/exit1559/TE/both/follow
488,536.0,0.4692622950819672,0.04554136985428066,1.6966803278688534,827.9800000000005,1.0657995956564856,-1152.2399999999998,0.8322938564228853,MNQ,dow_Fri,IS,OR30m/cut1100/exit1559/TE/both/follow
266,281.0,0.5338345864661654,0.26638583768450064,50.221278195488736,13358.860000000004,1.5769828134286068,-1620.9,3.266613700650415,MNQ,dow_Fri,OOS,OR30m/cut1100/exit1559/TE/both/follow
