trades,sessions,trade_rate,win_rate,avg_r,median_r,expectancy_usd,total_usd,profit_factor,max_dd_usd,sharpe,t_stat_r,pct_long,long_avg_r,short_avg_r,pct_entry_gapped,avg_hold_min,exit_stop,exit_target,exit_time,leg,label,or_minutes,entry_cutoff,time_exit,target_r,direction,split
514,516,0.9961240310077519,0.4591439688715953,0.0010339168595105007,-0.16106442577030813,-34.43093385214008,-17697.5,0.9188681191477657,-48325.0,-0.5094017660088496,0.021998949197586676,0.5116731517509727,0.03706733422507486,-0.03672221368687765,0.0,53.41439688715953,0.3754863813229572,0.0,0.6245136186770428,ES,OR15m/cut1100/exit1100/TE/both/follow,15,11:00,11:00,none,both,full
330,332,0.9939759036144579,0.4727272727272727,0.042100782349460894,-0.15474140562984673,14.772727272727273,4875.0,1.038679731820526,-26102.5,0.21860968003590495,0.7031540726913824,0.5,0.06917668543697167,0.015024879261950138,0.0,53.54848484848485,0.3575757575757576,0.0,0.6424242424242425,ES,OR15m/cut1100/exit1100/TE/both/follow,15,11:00,11:00,none,both,IS
184,184,1.0,0.43478260869565216,-0.07261861363877009,-0.2399792315680166,-122.67663043478261,-22572.5,0.7549064849751622,-40755.0,-1.818980312156746,-0.9625197971318042,0.532608695652174,-0.016994328529649324,-0.13600442690265188,0.0,53.17391304347826,0.4076086956521739,0.0,0.592391304347826,ES,OR15m/cut1100/exit1100/TE/both/follow,15,11:00,11:00,none,both,OOS
514,516,0.9961240310077519,0.4980544747081712,-0.02651800122192244,-0.0044736842105263155,-50.40856031128405,-25910.0,0.8770114396924099,-53155.0,-0.8602615029693117,-0.684330035374839,0.5116731517509727,0.009816762861493073,-0.06458988550056102,0.0,38.3715953307393,0.36186770428015563,0.3463035019455253,0.2918287937743191,ES,OR15m/cut1100/exit1100/1R/both/follow,15,11:00,11:00,1.0,both,full
330,332,0.9939759036144579,0.5121212121212121,0.011764591660033474,0.09104362703165098,-4.053030303030303,-1337.5,0.9889681623226658,-27240.0,-0.07078898993530379,0.24230245754283747,0.5,0.02799304479485708,-0.004463861474790116,0.0,37.8969696969697,0.3424242424242424,0.3696969696969697,0.2878787878787879,ES,OR15m/cut1100/exit1100/1R/both/follow,15,11:00,11:00,1.0,both,IS
184,184,1.0,0.47282608695652173,-0.09517699932543035,-0.07088325111580926,-133.5461956521739,-24572.5,0.7252320250475232,-38935.0,-2.199385477539598,-1.4832522633362186,0.532608695652174,-0.02078616080182383,-0.17994795485233078,0.0,39.22282608695652,0.3967391304347826,0.30434782608695654,0.29891304347826086,ES,OR15m/cut1100/exit1100/1R/both/follow,15,11:00,11:00,1.0,both,OOS
514,516,0.9961240310077519,0.4591439688715953,0.013415672174559483,-0.16106442577030813,-25.359922178988327,-13035.0,0.9402427423698898,-44825.0,-0.38013107272839264,0.2908146174701496,0.5116731517509727,0.04679380698540261,-0.021558230037598804,0.0,49.80544747081712,0.3754863813229572,0.11089494163424124,0.5136186770428015,ES,OR15m/cut1100/exit1100/2R/both/follow,15,11:00,11:00,2.0,both,full
330,332,0.9939759036144579,0.4727272727272727,0.042926014174821815,-0.15474140562984673,15.757575757575758,5200.0,1.0412583806085611,-25440.0,0.24036351705824288,0.7476122031940142,0.5,0.06659023578517935,0.0192617925644643,0.0,49.88181818181818,0.3575757575757576,0.1,0.5424242424242425,ES,OR15m/cut1100/exit1100/2R/both/follow,15,11:00,11:00,2.0,both,IS
184,184,1.0,0.43478260869565216,-0.03951048467373705,-0.2399792315680166,-99.10326086956522,-18235.0,0.8020033117077011,-39292.5,-1.4433700283740516,-0.5096025782895732,0.532608695652174,0.013463085026594837,-0.09987571526248738,0.0,49.66847826086956,0.4076086956521739,0.13043478260869565,0.46195652173913043,ES,OR15m/cut1100/exit1100/2R/both/follow,15,11:00,11:00,2.0,both,OOS
514,516,0.9961240310077519,0.3715953307392996,0.007427327687854136,-1.0101694915254238,-32.704280155642024,-16810.0,0.94291923462198,-57612.5,-0.35493294253353525,0.10928303112902604,0.5116731517509727,0.015017078610237978,-0.0005252798523329079,0.0,196.89105058365757,0.5778210116731517,0.0,0.3968871595330739,ES,OR15m/cut1100/exit1559/TE/both/follow,15,11:00,15:59,none,both,full
330,332,0.9939759036144579,0.37272727272727274,0.03226520671498973,-1.011111111111111,8.712121212121213,2875.0,1.016337083759518,-44370.0,0.09539243504713645,0.3763517335879607,0.5,-0.0003984447475451616,0.0649288581775247,0.0,197.12121212121212,0.5848484848484848,0.0,0.38181818181818183,ES,OR15m/cut1100/exit1559/TE/both/follow,15,11:00,15:59,none,both,IS
184,184,1.0,0.3695652173913043,-0.037118868393421656,-1.0089597147155513,-106.9836956521739,-19685.0,0.8339028814917943,-34420.0,-1.1425063401865831,-0.3325811794134434,0.532608695652174,0.040971786304464755,-0.12610589351426896,0.0,196.47826086956522,0.5652173913043478,0.0,0.42391304347826086,ES,OR15m/cut1100/exit1559/TE/both/follow,15,11:00,15:59,none,both,OOS
514,516,0.9961240310077519,0.5097276264591439,-0.011175370649817374,0.1717171717171717,-30.66147859922179,-15760.0,0.9353216986262017,-41767.5,-0.4592643960921259,-0.259296716658578,0.5116731517509727,0.007709293655692848,-0.030962887432085043,0.0,74.51167315175097,0.4688715953307393,0.47470817120622566,0.04669260700389105,ES,OR15m/cut1100/exit1559/1R/both/follow,15,11:00,15:59,1.0,both,full
330,332,0.9939759036144579,0.5212121212121212,0.010086237357542141,0.3802439024390244,-4.848484848484849,-1600.0,0.9887843260957188,-29777.5,-0.07523055021201,0.18704580257425915,0.5,-0.008381748040233934,0.02855422275531828,0.0,71.86969696969697,0.46060606060606063,0.48787878787878786,0.03939393939393939,ES,OR15m/cut1100/exit1559/1R/both/follow,15,11:00,15:59,1.0,both,IS
184,184,1.0,0.4891304347826087,-0.04930760240214695,-0.340022688598979,-76.95652173913044,-14160.0,0.8598158598158598,-32875.0,-1.0871883767043937,-0.6865610692873784,0.532608695652174,0.034801353653936926,-0.14515269186140528,0.0,79.25,0.483695652173913,0.45108695652173914,0.059782608695652176,ES,OR15m/cut1100/exit1559/1R/both/follow,15,11:00,15:59,1.0,both,OOS
514,516,0.9961240310077519,0.41050583657587547,0.0576111720902684,-1.00882400648824,14.134241245136186,7265.0,1.0257434689014289,-35387.5,0.16404338222227227,0.9963314911599457,0.5116731517509727,0.052883554392467266,0.06256481135131099,0.0,136.78210116731518,0.5447470817120622,0.26264591439688717,0.17509727626459143,ES,OR15m/cut1100/exit1559/2R/both/follow,15,11:00,15:59,2.0,both,full
330,332,0.9939759036144579,0.41515151515151516,0.0960830024910377,-1.0091256072172103,55.11363636363637,18187.5,1.1085934351350142,-30870.0,0.6388986991211575,1.302179030718494,0.5,0.07372612315355542,0.11843988182851996,0.0,133.0151515151515,0.5424242424242425,0.2878787878787879,0.1484848484848485,ES,OR15m/cut1100/exit1559/2R/both/follow,15,11:00,15:59,2.0,both,IS
184,184,1.0,0.40217391304347827,-0.011387219389372183,-1.0084219858156027,-59.36141304347826,-10922.5,0.9047940727827414,-28107.5,-0.6900997272107975,-0.12287958165687453,0.532608695652174,0.017791474335533145,-0.04463735875031082,0.0,143.53804347826087,0.5489130434782609,0.21739130434782608,0.22282608695652173,ES,OR15m/cut1100/exit1559/2R/both/follow,15,11:00,15:59,2.0,both,OOS
491,516,0.9515503875968992,0.5030549898167006,0.01517385149249619,0.009523809523809525,-9.34826883910387,-4590.0,0.9728599092373871,-25077.5,-0.15587692018594446,0.44487737230241153,0.539714867617108,0.01193677074624164,0.01896954351797164,0.0,47.47657841140529,0.164969450101833,0.0,0.835030549898167,ES,OR30m/cut1100/exit1100/TE/both/follow,30,11:00,11:00,none,both,full
316,332,0.9518072289156626,0.5126582278481012,0.05115872632994019,0.042881452070334655,34.960443037974684,11047.5,1.112574514699139,-11590.0,0.5892365338006926,1.1562070012074694,0.5348101265822784,0.023442831582589852,0.08302257811430892,0.0,48.94620253164557,0.1518987341772152,0.0,0.8481012658227848,ES,OR30m/cut1100/exit1100/TE/both/follow,30,11:00,11:00,none,both,IS
175,184,0.9510869565217391,0.4857142857142857,-0.049804551071116976,-0.015602836879432624,-89.35714285714286,-15637.5,0.7797147385103012,-24935.0,-1.4660503297427556,-0.9490227844105692,0.5485714285714286,-0.00831869051774633,-0.10021774870559268,0.0,44.822857142857146,0.18857142857142858,0.0,0.8114285714285714,ES,OR30m/cut1100/exit1100/TE/both/follow,30,11:00,11:00,none,both,OOS
491,516,0.9515503875968992,0.5112016293279023,-0.0004211307543320638,0.026923076923076925,-10.595723014256619,-5202.5,0.9689634601043997,-28265.0,-0.17593953482703156,-0.013952858658740443,0.539714867617108,0.01363421705698898,-0.0169019589401731,0.0,42.926680244399186,0.1629327902240326,0.1690427698574338,0.6680244399185336,ES,OR30m/cut1100/exit1100/1R/both/follow,30,11:00,11:00,1.0,both,full
316,332,0.9518072289156626,0.5221518987341772,0.02434276437853906,0.05522249115620927,24.556962025316455,7760.0,1.0801218347487158,-15635.0,0.4129517721382878,0.6449806432670945,0.5348101265822784,0.031280459561443576,0.016366774678465163,0.0,44.0,0.14873417721518986,0.17721518987341772,0.6740506329113924,ES,OR30m/cut1100/exit1100/1R/both/follow,30,11:00,11:00,1.0,both,IS
175,184,0.9510869565217391,0.49142857142857144,-0.045137649965687913,-0.014414414414414415,-74.07142857142857,-12962.5,0.8168427002013494,-24260.0,-1.2038462309137687,-0.8985500910678611,0.5485714285714286,-0.01743052235189463,-0.07880707086346202,0.0,40.988571428571426,0.18857142857142858,0.15428571428571428,0.6571428571428571,ES,OR30m/cut1100/exit1100/1R/both/follow,30,11:00,11:00,1.0,both,OOS
491,516,0.9515503875968992,0.5030549898167006,0.011125023774899597,0.009523809523809525,-9.806517311608962,-4815.0,0.9715295126313767,-25165.0,-0.16358493954998743,0.3348965273084105,0.539714867617108,0.011237114518308564,0.010993589938601478,0.0,46.621181262729124,0.164969450101833,0.03665987780040733,0.7983706720977597,ES,OR30m/cut1100/exit1100/2R/both/follow,30,11:00,11:00,2.0,both,full
316,332,0.9518072289156626,0.5126582278481012,0.038623632063438315,0.042881452070334655,24.873417721518987,7860.0,1.0800937484078055,-13365.0,0.4307486450826854,0.9205739598336163,0.5348101265822784,0.021296410884132956,0.058544042806993477,0.0,47.96518987341772,0.1518987341772152,0.0379746835443038,0.810126582278481,ES,OR30m/cut1100/exit1100/2R/both/follow,30,11:00,11:00,2.0,both,IS
175,184,0.9510869565217391,0.4857142857142857,-0.038529606048976046,-0.015602836879432624,-72.42857142857143,-12675.0,0.8214474379292129,-23810.0,-1.1368844938062916,-0.7102694981790435,0.5485714285714286,-0.006471438459028113,-0.07748636666460898,0.0,44.19428571428571,0.18857142857142858,0.03428571428571429,0.7771428571428571,ES,OR30m/cut1100/exit1100/2R/both/follow,30,11:00,11:00,2.0,both,OOS
491,516,0.9515503875968992,0.4317718940936864,0.02428909500297979,-0.3742857142857143,-23.65580448065173,-11615.0,0.9615314554457085,-42022.5,-0.23461617253933714,0.4222400963646139,0.539714867617108,-0.002311533848754507,0.05548009786010183,0.0,237.82892057026476,0.4439918533604888,0.0,0.5254582484725051,ES,OR30m/cut1100/exit1559/TE/both/follow,30,11:00,15:59,none,both,full
316,332,0.9518072289156626,0.4240506329113924,0.08155993932841961,-0.40729339332228276,36.06803797468354,11397.5,1.0617315712506092,-25495.0,0.351301056394759,1.0521392700408396,0.5348101265822784,0.027779413575799324,0.14338925124809865,0.0,239.05696202531647,0.4588607594936709,0.0,0.5063291139240507,ES,OR30m/cut1100/exit1559/TE/both/follow,30,11:00,15:59,none,both,IS
175,184,0.9510869565217391,0.44571428571428573,-0.07912568675038581,-0.3105691056910569,-131.5,-23012.5,0.8038233664379183,-28645.0,-1.3512541864578997,-0.9885788367083826,0.5485714285714286,-0.05528413921072947,-0.10809769388718338,0.0,235.61142857142858,0.41714285714285715,0.0,0.56,ES,OR30m/cut1100/exit1559/TE/both/follow,30,11:00,15:59,none,both,OOS
491,516,0.9515503875968992,0.5071283095723014,-0.018650835454266993,0.02278481012658228,-35.41751527494908,-17390.0,0.9376490202757212,-37495.0,-0.4144634125534552,-0.45028959907845145,0.539714867617108,-0.03457160362430471,1.732191325510707e-05,0.0,145.31364562118125,0.4073319755600815,0.40529531568228105,0.17311608961303462,ES,OR30m/cut1100/exit1559/1R/both/follow,30,11:00,15:59,1.0,both,full
316,332,0.9518072289156626,0.5031645569620253,-0.013406045477586713,0.05236985236985237,-34.06645569620253,-10765.0,0.9373736492284422,-31445.0,-0.4048144525978676,-0.256166671493738,0.5348101265822784,-0.04155072022906261,0.018950757467987658,0.0,141.8639240506329,0.4177215189873418,0.4208860759493671,0.14556962025316456,ES,OR30m/cut1100/exit1559/1R/both/follow,30,11:00,15:59,1.0,both,IS
175,184,0.9510869565217391,0.5142857142857142,-0.02812142764072971,0.02,-37.857142857142854,-6625.0,0.938091344469104,-19107.5,-0.4302541182355398,-0.414566907496881,0.5485714285714286,-0.02228545043467878,-0.03521324804301944,0.0,151.54285714285714,0.38857142857142857,0.37714285714285717,0.22285714285714286,ES,OR30m/cut1100/exit1559/1R/both/follow,30,11:00,15:59,1.0,both,OOS
491,516,0.9515503875968992,0.4317718940936864,-0.008894283905291914,-0.3742857142857143,-36.71588594704684,-18027.5,0.9402934406411976,-44810.0,-0.37951461064854836,-0.1754415969073739,0.539714867617108,-0.011430829209410366,-0.005920016181436244,0.0,209.75967413441956,0.4439918533604888,0.15071283095723015,0.3788187372708758,ES,OR30m/cut1100/exit1559/2R/both/follow,30,11:00,15:59,2.0,both,full
316,332,0.9518072289156626,0.4240506329113924,0.028642899502497866,-0.40729339332228276,10.949367088607595,3460.0,1.0187401830688403,-29007.5,0.11272844280783266,0.4337040455652645,0.5348101265822784,0.017965730528633896,0.0409180121323143,0.0,205.26582278481013,0.4588607594936709,0.17721518987341772,0.33544303797468356,ES,OR30m/cut1100/exit1559/2R/both/follow,30,11:00,15:59,2.0,both,IS
175,184,0.9510869565217391,0.44571428571428573,-0.07667571223021521,-0.3105691056910569,-122.78571428571429,-21487.5,0.8168236648054218,-29770.0,-1.2781098605889047,-0.9892135695974317,0.5485714285714286,-0.06318102291492574,-0.09307432203107334,0.0,217.87428571428572,0.41714285714285715,0.10285714285714286,0.45714285714285713,ES,OR30m/cut1100/exit1559/2R/both/follow,30,11:00,15:59,2.0,both,OOS
361,516,0.6996124031007752,0.5069252077562327,0.008457151232897265,0.04285714285714286,0.44321329639889195,160.0,1.0012171234049028,-19467.5,0.005827656681105395,0.1671542654382235,1.0,0.008457151232897265,,0.0,48.988919667590025,0.3407202216066482,0.0,0.6592797783933518,ES,OR15m/cut1100/exit1100/TE/long/follow,15,11:00,11:00,none,long,full
226,332,0.6807228915662651,0.5132743362831859,0.030782392462745275,0.05472598522167488,25.265486725663717,5710.0,1.073963730569948,-11937.5,0.31644003715629504,0.4722397778231949,1.0,0.030782392462745275,,0.0,49.74778761061947,0.336283185840708,0.0,0.6637168141592921,ES,OR15m/cut1100/exit1100/TE/long/follow,15,11:00,11:00,none,long,IS
135,184,0.7336956521739131,0.4962962962962963,-0.028916956307440907,-0.002631578947368421,-41.111111111111114,-5550.0,0.8977099940100447,-15272.5,-0.5894596577223304,-0.3606190970831981,1.0,-0.028916956307440907,,0.0,47.71851851851852,0.34814814814814815,0.0,0.6518518518518519,ES,OR15m/cut1100/exit1100/TE/long/follow,15,11:00,11:00,none,long,OOS
344,516,0.6666666666666666,0.4186046511627907,-0.029996689631081222,-0.2365151515151515,-59.0406976744186,-20310.0,0.8604723057106054,-35812.5,-0.766174832463111,-0.5100806739760626,0.0,,-0.029996689631081222,0.0029069767441860465,46.81686046511628,0.37209302325581395,0.0,0.627906976744186,ES,OR15m/cut1100/exit1100/TE/short/follow,15,11:00,11:00,none,short,full
220,332,0.6626506024096386,0.43636363636363634,0.021278257930600054,-0.22948827901658092,-6.818181818181818,-1500.0,0.9818944446120885,-18887.5,-0.09188696114672486,0.27705203380670934,0.0,,0.021278257930600054,0.004545454545454545,47.36818181818182,0.35909090909090907,0.0,0.6409090909090909,ES,OR15m/cut1100/exit1100/TE/short/follow,15,11:00,11:00,none,short,IS
124,184,0.6739130434782609,0.3870967741935484,-0.12096837078890285,-0.34118738404452686,-151.69354838709677,-18810.0,0.7000717531690983,-31107.5,-1.8572664894334254,-1.3511276190781238,0.0,,-0.12096837078890285,0.0,45.83870967741935,0.3951612903225806,0.0,0.6048387096774194,ES,OR15m/cut1100/exit1100/TE/short/follow,15,11:00,11:00,none,short,OOS
361,516,0.6996124031007752,0.38227146814404434,0.013398961521748045,-1.0101694915254238,5.914127423822714,2135.0,1.011243795505115,-22422.5,0.05782932091668235,0.17834505787373026,1.0,0.013398961521748045,,0.0,198.05817174515235,0.5595567867036011,0.0,0.41274238227146814,ES,OR15m/cut1100/exit1559/TE/long/follow,15,11:00,15:59,none,long,full
226,332,0.6807228915662651,0.37610619469026546,0.049504148056603976,-1.0112738179251939,42.63274336283186,9635.0,1.0857950624429553,-13372.5,0.4116314815884464,0.5070489516531922,1.0,0.049504148056603976,,0.0,197.06194690265488,0.5707964601769911,0.0,0.3938053097345133,ES,OR15m/cut1100/exit1559/TE/long/follow,15,11:00,15:59,none,long,IS
135,184,0.7336956521739131,0.3925925925925926,-0.04704379519586265,-1.0093023255813953,-55.55555555555556,-7500.0,0.9033255993812839,-22422.5,-0.5545126125685472,-0.4017376220659768,1.0,-0.04704379519586265,,0.0,199.72592592592594,0.5407407407407407,0.0,0.4444444444444444,ES,OR15m/cut1100/exit1559/TE/long/follow,15,11:00,15:59,none,long,OOS
344,516,0.6666666666666666,0.34593023255813954,0.035941523719586234,-1.0106194690265486,12.79796511627907,4402.5,1.0216565209370965,-29535.0,0.09474456275453205,0.36789241413542856,0.0,,0.035941523719586234,0.0029069767441860465,185.61918604651163,0.5959302325581395,0.0,0.3866279069767442,ES,OR15m/cut1100/exit1559/TE/short/follow,15,11:00,15:59,none,short,full
220,332,0.6626506024096386,0.35454545454545455,0.10995848159324859,-1.0113746630727762,95.0,20900.0,1.1743591882703819,-26575.0,0.6622851280514129,0.837228933070917,0.0,,0.10995848159324859,0.004545454545454545,189.0818181818182,0.5954545454545455,0.0,0.38636363636363635,ES,OR15m/cut1100/exit1559/TE/short/follow,15,11:00,15:59,none,short,IS
124,184,0.6739130434782609,0.33064516129032256,-0.0953788854111051,-1.0098780487804877,-133.04435483870967,-16497.5,0.802235674898106,-29535.0,-1.1190137664685893,-0.6896092792733611,0.0,,-0.0953788854111051,0.0,179.4758064516129,0.5967741935483871,0.0,0.3870967741935484,ES,OR15m/cut1100/exit1559/TE/short/follow,15,11:00,15:59,none,short,OOS
302,516,0.5852713178294574,0.5596026490066225,0.03135071702300187,0.07206764866339334,15.960264900662251,4820.0,1.0532185050237386,-16267.5,0.21956638327855865,0.8263997896148486,1.0,0.03135071702300187,,0.0,45.049668874172184,0.1490066225165563,0.0,0.8509933774834437,ES,OR30m/cut1100/exit1100/TE/long/follow,30,11:00,11:00,none,long,full
189,332,0.5692771084337349,0.544973544973545,0.037322269679462214,0.05979381443298969,25.41005291005291,4802.5,1.0883584011774987,-13270.0,0.3383543753061838,0.7754278162811752,1.0,0.037322269679462214,,0.0,46.7989417989418,0.14814814814814814,0.0,0.8518518518518519,ES,OR30m/cut1100/exit1100/TE/long/follow,30,11:00,11:00,none,long,IS
113,184,0.6141304347826086,0.584070796460177,0.0213628988630815,0.09508196721311475,0.15486725663716813,17.5,1.0004831918271553,-6872.5,0.0022498184573958527,0.34512152257913925,1.0,0.0213628988630815,,0.0,42.123893805309734,0.1504424778761062,0.0,0.8495575221238938,ES,OR30m/cut1100/exit1100/TE/long/follow,30,11:00,11:00,none,long,OOS
269,516,0.5213178294573644,0.44981412639405205,-0.0051163430766729264,-0.048484848484848485,-22.806691449814128,-6135.0,0.9357473882648653,-18617.5,-0.2891704313510971,-0.10268435243987124,0.0,,-0.0051163430766729264,0.0,43.01115241635688,0.17472118959107807,0.0,0.8252788104089219,ES,OR30m/cut1100/exit1100/TE/short/follow,30,11:00,11:00,none,short,full
174,332,0.5240963855421686,0.47701149425287354,0.04151895913224653,-0.038089584457636265,36.077586206896555,6277.5,1.1177988365547007,-6737.5,0.48102382280699857,0.6300758200033506,0.0,,0.04151895913224653,0.0,44.12068965517241,0.16091954022988506,0.0,0.8390804597701149,ES,OR30m/cut1100/exit1100/TE/short/follow,30,11:00,11:00,none,short,IS
95,184,0.5163043478260869,0.4,-0.09053258080669378,-0.05473684210526316,-130.6578947368421,-12412.5,0.7058126444273272,-18617.5,-1.5301618197906879,-1.2452907565908125,0.0,,-0.09053258080669378,0.0,40.97894736842105,0.2,0.0,0.8,ES,OR30m/cut1100/exit1100/TE/short/follow,30,11:00,11:00,none,short,OOS
302,516,0.5852713178294574,0.45364238410596025,-0.006575400335259546,-0.3450873039360758,-29.403973509933774,-8880.0,0.9491590925356044,-27287.5,-0.25672926508257693,-0.09988567228225186,1.0,-0.006575400335259546,,0.0,237.36754966887418,0.44370860927152317,0.0,0.5231788079470199,ES,OR30m/cut1100/exit1559/TE/long/follow,30,11:00,15:59,none,long,full
189,332,0.5692771084337349,0.455026455026455,0.05115658086432982,-0.3580645161290323,27.98941798941799,5290.0,1.0511197545478703,-18580.0,0.2424284862508663,0.577463826588627,1.0,0.05115658086432982,,0.0,237.3862433862434,0.4603174603174603,0.0,0.4973544973544973,ES,OR30m/cut1100/exit1559/TE/long/follow,30,11:00,15:59,none,long,IS
113,184,0.6141304347826086,0.45132743362831856,-0.10313597066023639,-0.3105691056910569,-125.39823008849558,-14170.0,0.8009272267490868,-20120.0,-1.1104325479159298,-1.0896195478884654,1.0,-0.10313597066023639,,0.0,237.3362831858407,0.415929203539823,0.0,0.5663716814159292,ES,OR30m/cut1100/exit1559/TE/long/follow,30,11:00,15:59,none,long,OOS
269,516,0.5213178294573644,0.38661710037174724,0.03636996523435786,-0.6364963503649635,14.78624535315985,3977.5,1.0225865985235663,-22415.0,0.08901990140373013,0.4046700483949608,0.0,,0.03636996523435786,0.0,226.8624535315985,0.4758364312267658,0.0,0.5018587360594795,ES,OR30m/cut1100/exit1559/TE/short/follow,30,11:00,15:59,none,short,full
174,332,0.5240963855421686,0.3793103448275862,0.11961181306164552,-0.6442898418491485,128.17528735632183,22302.5,1.211910304527531,-21130.0,0.7244554394418615,0.9655444730967906,0.0,,0.11961181306164552,0.0,229.82758620689654,0.4827586206896552,0.0,0.5,ES,OR30m/cut1100/exit1559/TE/short/follow,30,11:00,15:59,none,short,IS
95,184,0.5163043478260869,0.4,-0.11609405078614791,-0.5953125,-192.89473684210526,-18325.0,0.7413732270129137,-22415.0,-1.3456393128590793,-1.0144012779142857,0.0,,-0.11609405078614791,0.0,221.43157894736842,0.4631578947368421,0.0,0.5052631578947369,ES,OR30m/cut1100/exit1559/TE/short/follow,30,11:00,15:59,none,short,OOS
