direction,streak,horizon,n,mean_bps,win_rate,base_bps,excess_bps,t_vs_base
down,2,1,7518985,22.075463811356222,0.4922639159407819,7.285676182811712,14.789787628544508,88.97127804939645
down,3,1,3316463,17.548251412236276,0.493522466555484,7.285676182811712,10.262575229424563,40.94692134993566
down,4,1,1508413,14.449003799221964,0.49290413169337577,7.285676182811712,7.1633276164102515,19.022904536089378
down,5,1,699242,18.787702682547447,0.49791917533557767,7.285676182811712,11.502026499735736,19.23420911792959
down,6,1,324428,27.476254683810545,0.5100546192067269,7.285676182811712,20.190578500998832,22.364514037727584
down,7,1,147861,27.814687162516083,0.5004024049614164,7.285676182811712,20.52901097970437,13.734224594690165
down,8,1,68981,39.60946074012287,0.5075890462591148,7.285676182811712,32.32378455731115,14.458141544679497
down,9,1,31856,19.16780545093017,0.49623304871923657,7.285676182811712,11.882129268118456,3.607223925640261
down,10,1,15092,22.363346284253307,0.4903922608004241,7.285676182811712,15.077670101441596,2.900276627849673
down,11,1,7256,29.41373459255571,0.48980154355016536,7.285676182811712,22.128058409743996,2.5325395005175326
down,12,1,6955,17.328921995288624,0.4718907260963336,7.285676182811712,10.043245812476911,1.108116543650793
down,2,3,7514091,30.462955305692038,0.5061123161803603,16.759968482988437,13.702986822703599,51.65271944465598
down,3,3,3314833,27.928764106214754,0.5105192327939296,16.759968482988437,11.168795623226314,27.62587265712467
down,4,3,1507838,37.66946627379276,0.516785622858689,16.759968482988437,20.90949779080432,33.9297461111565
down,5,3,699033,45.60478434450332,0.5166022204960281,16.759968482988437,28.844815861514885,29.855566619401156
down,6,3,324317,60.87819704836825,0.526978234258457,16.759968482988437,44.1182285653798,29.59125687054142
down,7,3,147805,68.30159293355989,0.5277493995467001,16.759968482988437,51.54162445057146,21.789490903868227
down,8,3,68959,58.396262373954166,0.5192940732899259,16.759968482988437,41.63629389096573,12.03561832652346
down,9,3,31851,60.67957312740802,0.5224011804966877,16.759968482988437,43.91960464441957,8.258478435649641
down,10,3,15090,64.87577146665765,0.5057654075546719,16.759968482988437,48.115802983669205,5.197536416640681
down,11,3,7250,56.3716640628046,0.5067586206896552,16.759968482988437,39.611695579816164,2.8837249071923194
down,12,3,6949,60.804627059095566,0.5068355159015686,16.759968482988437,44.04465857610713,2.759842581202282
down,2,5,7510781,41.71243421666757,0.5138108806527577,25.50154176363828,16.21089245302929,48.55094574981345
down,3,5,3313649,43.76257755094877,0.5189722870466968,25.50154176363828,18.26103578731049,35.74471544450976
down,4,5,1507199,53.926633481404224,0.5221493644833893,25.50154176363828,28.425091717765948,36.5138298449342
down,5,5,698530,67.26708144726254,0.530647216297081,25.50154176363828,41.76553968362426,34.28395594105603
down,6,5,324181,66.44134866035512,0.531894219587206,25.50154176363828,40.93980689671684,22.084664863606633
down,7,5,147762,74.18964874163709,0.528552672540978,25.50154176363828,48.68810697799881,16.806205825100903
down,8,5,68918,81.67258540531246,0.5287152848312487,25.50154176363828,56.17104364167419,12.75754243928006
down,9,5,31826,79.50421790371087,0.5268648274995287,25.50154176363828,54.002676140072595,7.775574954889803
down,10,5,15079,91.49460122005853,0.517540950991445,25.50154176363828,65.99305945642026,5.638182937841394
down,11,5,7249,103.85176341514601,0.5217271347772107,25.50154176363828,78.35022165150772,4.673267023034466
down,12,5,6947,96.87958510082373,0.5136029940981719,25.50154176363828,71.37804333718546,3.450429191642173
down,2,10,7498989,60.206413941485536,0.5213316088342042,45.95939443044815,14.247019511037388,31.044262497290617
down,3,10,3308430,61.3660319180086,0.5236251031456007,45.95939443044815,15.406637487560452,21.985736395821462
down,4,10,1504626,65.81425910654696,0.5262849372535102,45.95939443044815,19.854864676098813,18.64766204428082
down,5,10,697483,65.71549368524113,0.5254751728715968,45.95939443044815,19.75609925479299,12.048786605378908
down,6,10,323688,66.86727149044467,0.5234361483898075,45.95939443044815,20.907877059996512,8.299663027884485
down,7,10,147529,76.08251607648023,0.5193351815575242,45.95939443044815,30.123121646032093,7.7511124675526935
down,8,10,68813,86.49727447425228,0.5205847732259893,45.95939443044815,40.53788004380414,6.811590055086204
down,9,10,31778,69.59846762056864,0.5166782050475172,45.95939443044815,23.639073190120495,2.5212974889215487
down,10,10,15062,70.03033939677707,0.5096932678263179,45.95939443044815,24.070944966328923,1.6507892389376642
down,11,10,7237,44.336827240252866,0.5013126986320299,45.95939443044815,-1.6225671901952832,-0.07785240780174761
down,12,10,6942,51.653143813374115,0.48761163929703255,45.95939443044815,5.693749382925965,0.20610657417733702
down,2,20,7475211,89.737900434203,0.5264988506678941,86.43639031917714,3.301510115025861,5.171610441052105
down,3,20,3299720,88.81347110450035,0.5280957172123696,86.43639031917714,2.3770807853232268,2.4457912451962898
down,4,20,1500858,97.0815082955878,0.5297949572844333,86.43639031917714,10.645117976410667,7.238996838519373
down,5,20,695900,98.00663347737505,0.5276634573933037,86.43639031917714,11.570243158197917,5.161886760649724
down,6,20,322955,87.4548805463316,0.5222894830549147,86.43639031917714,1.0184902271544691,0.2990283696004204
down,7,20,147208,92.02851901393507,0.5148293571001576,86.43639031917714,5.592128694757934,1.065372303562496
down,8,20,68657,105.73920669005646,0.518650683834132,86.43639031917714,19.302816370879334,2.4227613458448958
down,9,20,31708,84.1655616752966,0.5081367478238931,86.43639031917714,-2.2708286438805243,-0.18194901883265527
down,10,20,15041,65.06894645419558,0.4998337876470979,86.43639031917714,-21.36744386498155,-1.1105636244394845
down,11,20,7228,45.86725736793841,0.5012451577199779,86.43639031917714,-40.56913295123872,-1.4257200220237292
down,12,20,6934,43.857013653646696,0.502307470435535,86.43639031917714,-42.57937666553043,-1.2241997255041799
up,2,1,7612399,-4.722248780106547,0.4556957668666606,7.285676182811712,-12.007924962918258,-79.08322509992969
up,3,1,3470122,2.544067220415975,0.4723127890028074,7.285676182811712,-4.741608962395737,-22.488385688205017
up,4,1,1639366,2.937300118906907,0.4785490244399359,7.285676182811712,-4.348376063904805,-14.828074293567893
up,5,1,784488,2.8182573565331417,0.4853942953875649,7.285676182811712,-4.46741882627857,-10.753524283964115
up,6,1,380792,-0.8935526228908396,0.47977373474232654,7.285676182811712,-8.179228805702552,-13.92503715007614
up,7,1,182634,-2.5897564324026376,0.4817503860179375,7.285676182811712,-9.875432615214349,-12.267557745217218
up,8,1,87950,-2.2188129968396217,0.49038089823763503,7.285676182811712,-9.504489179651333,-7.788536239572399
up,9,1,43132,-4.843069771545547,0.48989149587313363,7.285676182811712,-12.12874595435726,-7.696449789589582
up,10,1,21132,-5.883175644827672,0.4879329926178308,7.285676182811712,-13.168851827639383,-5.909658730631276
up,11,1,10306,3.181837186679699,0.519600232874054,7.285676182811712,-4.103838996132013,-1.2737012735834352
up,12,1,11904,-0.7562995956519376,0.5506552419354839,7.285676182811712,-8.04197577846365,-2.5976470241446026
up,2,3,7606533,4.043288177102502,0.4796093042651626,16.759968482988437,-12.716680305885935,-51.99560549197763
up,3,3,3467526,8.207699337603627,0.49089091184896666,16.759968482988437,-8.552269145384813,-24.658961767137967
up,4,3,1637941,4.4720961883504895,0.49545984867586806,16.759968482988437,-12.28787229463795,-25.43044878127087
up,5,3,783817,-2.2625943031341578,0.4930500359139952,16.759968482988437,-19.0225627861226,-27.868651648012303
up,6,3,380463,-11.873262571072745,0.4923606237663058,16.759968482988437,-28.633231054061184,-29.888288160358414
up,7,3,182475,-9.08257826493977,0.49932867516098095,16.759968482988437,-25.842546747928207,-19.161246236005955
up,8,3,87873,-8.932907181880696,0.5017809793679515,16.759968482988437,-25.692875664869135,-13.477950733061823
up,9,3,43075,-14.747139410328547,0.501056297156123,16.759968482988437,-31.50710789331698,-12.366797059632976
up,10,3,21111,-11.712277755782152,0.5212448486570982,16.759968482988437,-28.47224623877059,-7.501756907288433
up,11,3,10299,0.3658054987524582,0.5463637246334596,16.759968482988437,-16.39416298423598,-3.0922264571791303
up,12,3,11895,-21.826717512133754,0.571584699453552,16.759968482988437,-38.586685995122195,-7.409817118623493
up,2,5,7600743,10.168281045556368,0.4896022665152604,25.50154176363828,-15.333260718081911,-49.98672513656126
up,3,5,3464975,10.312402110762083,0.4980359165650546,25.50154176363828,-15.189139652876197,-34.94402472043805
up,4,5,1636256,4.798509450358537,0.5005237566737724,25.50154176363828,-20.703032313279742,-34.12792104989265
up,5,5,782977,-1.7231868569064375,0.5028410796230285,25.50154176363828,-27.224728620544717,-32.335814968331555
up,6,5,379979,-8.516125529019616,0.5037831038031049,25.50154176363828,-34.0176672926579,-28.763066290893455
up,7,5,182297,-5.726882614304446,0.5118515389721169,25.50154176363828,-31.228424377942723,-18.7608670938835
up,8,5,87796,-5.2060199955006805,0.5220511185019818,25.50154176363828,-30.707561759138958,-12.903985464199323
up,9,5,43052,-3.6499008339270214,0.5294295270835269,25.50154176363828,-29.1514425975653,-9.039416467164294
up,10,5,21097,-10.433994419859907,0.5402663885860549,25.50154176363828,-35.935536183498186,-7.792713855176567
up,11,5,10291,-1.9154861403625987,0.5426100476144203,25.50154176363828,-27.41702790400088,-4.050280074455846
up,12,5,11881,-22.87912307161866,0.5779816513761468,25.50154176363828,-48.38066483525694,-7.547357480242867
up,2,10,7586609,27.75372273999868,0.5064331112885876,45.95939443044815,-18.205671690449467,-43.450412059585915
up,3,10,3459240,29.42465043118248,0.5147688509614828,45.95939443044815,-16.534743999265665,-27.987144538269362
up,4,10,1633828,23.885167467495254,0.5207720763752366,45.95939443044815,-22.074226962952892,-26.776211882816803
up,5,10,781817,21.437087196919737,0.5256434689959415,45.95939443044815,-24.52230723352841,-21.359476169209817
up,6,10,379380,15.275369318488526,0.5277716273920607,45.95939443044815,-30.68402511195962,-19.23872858854495
up,7,10,182011,23.011224139293155,0.5358796995785969,45.95939443044815,-22.948170291154995,-10.238008805438414
up,8,10,87669,22.049453197826082,0.5390046652750687,45.95939443044815,-23.909941232622064,-7.46284245492645
up,9,10,42976,18.224598466467054,0.5430007446016382,45.95939443044815,-27.734795963981096,-6.385601693687352
up,10,10,21059,10.830626801777512,0.5464172087943397,45.95939443044815,-35.12876762867064,-5.464703099852909
up,11,10,10275,24.361056456448487,0.5574695863746959,45.95939443044815,-21.59833797399966,-2.3155331143092472
up,12,10,11857,-4.3130453873259755,0.6027662983891372,45.95939443044815,-50.27243981777412,-5.935375404244351
up,2,20,7560336,70.12688083536423,0.5253103830305955,86.43639031917714,-16.3095094838129,-27.99918474158212
up,3,20,3447129,69.76293207077927,0.5322391474180398,86.43639031917714,-16.673458248397864,-20.267449311847344
up,4,20,1628592,68.69569453665233,0.5387623173882716,86.43639031917714,-17.74069578252481,-15.365677915271544
up,5,20,779719,70.10343682763374,0.5461903583213953,86.43639031917714,-16.332953491543382,-10.164923181393224
up,6,20,378351,61.50855473089198,0.5456705545908429,86.43639031917714,-24.92783558828515,-11.129472464740802
up,7,20,181482,63.84761086986342,0.5502639380214016,86.43639031917714,-22.588779449313705,-7.123513694688383
up,8,20,87471,59.22424598497085,0.5556698791599501,86.43639031917714,-27.21214433420628,-6.025802288267653
up,9,20,42875,65.20412120397181,0.5697026239067056,86.43639031917714,-21.232269115205323,-3.3314027355637816
up,10,20,21021,61.74828848364682,0.5675277103848533,86.43639031917714,-24.688101835530315,-2.7004338769919083
up,11,20,10260,70.7888112375858,0.5721247563352827,86.43639031917714,-15.64757908159133,-1.1745606578964403
up,12,20,11837,21.628077584143185,0.6032778575652614,86.43639031917714,-64.80831273503395,-5.329925951562276
